id,subject_code,unit_no,unit_title,lesson_no,video_title,learning_objectives,language,duration_min,video_url,thumbnail_url,tags
CHEM-NSI-U1-L1,CHEM-NSI,1,Introduction to Chemistry,1,Divizyon Chimi (Branches of Chemistry),"Identify and describe the main branches of chemistry (organic, inorganic, physical, analytical, biochemistry, etc.",English,15,https://www.youtube.com/embed/placeholder,,chemistry;introduction-to-chemistry
CHEM-NSI-U1-L2,CHEM-NSI,1,Introduction to Chemistry,2,Enpòtans Chimi nan Lavi Chak Jou (The Importance of Chemistry in Daily Life),"Recognize how chemistry is part of daily life in Haiti and globally; identify common products and processes around them that are results of chemistry (food cooking, cleaning, medicine, environment) .",English,15,https://www.youtube.com/embed/placeholder,,chemistry;introduction-to-chemistry
CHEM-NSI-U1-L3,CHEM-NSI,1,Introduction to Chemistry,3,Entwodiksyon a Chimi – Definisyon ak Istwa (Introduction to Chemistry: Definition and History),Understand what chemistry is and how it has evolved over time; recognize major milestones in the history of chemistry (from ancient alchemy to modern science) ; appreciate chemistry as a scientific di,English,15,https://www.youtube.com/embed/placeholder,,chemistry;introduction-to-chemistry
CHEM-NSI-U2-L1,CHEM-NSI,2,Matter and Energy,1,Diferan Fòm Enèji (Different Forms of Energy),"Define energy in scientific terms; list and describe various forms of energy (mechanical, thermal, chemical, electrical, light, etc.",English,15,https://www.youtube.com/embed/placeholder,,chemistry;matter-and-energy
CHEM-NSI-U2-L2,CHEM-NSI,2,Matter and Energy,2,Eta Fizik Matyè ak Chanjman Eta (Physical States of Matter and Changes of State),"Name and describe the three principal states of matter – solid (sòlid), liquid (likid), gas (gaz) ; compare their properties (shape, volume, particle arrangement); explain common changes of state (mel",English,15,https://www.youtube.com/embed/placeholder,,chemistry;matter-and-energy
CHEM-NSI-U2-L3,CHEM-NSI,2,Matter and Energy,3,Matiè – Definisyon ak Estrikti (Matter – Definition and Structure),Define matter (matyè) as anything that has mass and takes up space ; understand that matter is made up of tiny particles (atoms or molecules); distinguish between matter and forms of energy (e.,English,15,https://www.youtube.com/embed/placeholder,,chemistry;matter-and-energy
CHEM-NSI-U3-L1,CHEM-NSI,3,Pure Substances and Mixtures,1,Metòd Separasyon Fizik Melanj (Physical Methods of Separating Mixtures),"Identify and describe common physical separation techniques for mixtures ; understand that these methods exploit differences in physical properties (particle size, boiling point, density, solubility, ",English,18,https://www.youtube.com/embed/placeholder,,chemistry;pure-substances-and-mixtures
CHEM-NSI-U3-L2,CHEM-NSI,3,Pure Substances and Mixtures,2,Sibstans Pi kont Melanj (Pure Substances vs. Mixtures),"Define and distinguish a pure substance (sibstans pi) from a mixture (melanj) ; understand that pure substances have consistent properties and composition, while mixtures contain two or more component",English,18,https://www.youtube.com/embed/placeholder,,chemistry;pure-substances-and-mixtures
CHEM-NSI-U4-L1,CHEM-NSI,4,Properties of Matter,1,Entwodiksyon a Radyoaktivite (Introduction to Radioactivity),"Understand what radioactivity (radyoaktivite) is at a basic level (unstable atomic nuclei releasing energy/particles); differentiate the main types of nuclear radiation (alpha, beta, gamma) in simple ",English,18,https://www.youtube.com/embed/placeholder,,chemistry;properties-of-matter
CHEM-NSI-U4-L2,CHEM-NSI,4,Properties of Matter,2,Pwopriyete Chimik Matyè (Chemical Properties of Matter),"Define chemical properties and provide examples; distinguish chemical changes from physical changes by the formation of new substances; recognize common signs of a chemical change (gas production, col",English,18,https://www.youtube.com/embed/placeholder,,chemistry;properties-of-matter
CHEM-NSI-U4-L3,CHEM-NSI,4,Properties of Matter,3,Pwopriyete Fizik Matyè (Physical Properties of Matter),Define physical properties and identify examples; distinguish between physical properties and physical changes; understand how physical properties (e.,English,18,https://www.youtube.com/embed/placeholder,,chemistry;properties-of-matter
CHEM-NSI-U5-L1,CHEM-NSI,5,Measurement in Chemistry,1,Inite Mezi ak Konvèsyon (Units of Measurement and Unit Conversion),"Introduce the SI units (Système International) commonly used in chemistry for length, mass, volume, temperature, and amount; teach how to convert between units (e.",English,18,https://www.youtube.com/embed/placeholder,,chemistry;measurement-in-chemistry
CHEM-NSI-U5-L2,CHEM-NSI,5,Measurement in Chemistry,2,Zouti Mezi ak Teknik (Measuring Instruments and Techniques),"Familiarize students with common laboratory and household instruments for measurement  ; demonstrate proper techniques to measure mass, volume, and temperature accurately; stress the importance of pre",English,18,https://www.youtube.com/embed/placeholder,,chemistry;measurement-in-chemistry
CHEM-NSI-U6-L1,CHEM-NSI,6,Mole Concept and Chemical Formulas,1,Dètèminasyon Fòmil Chimik (Soti nan Konpozisyon) (Determining a Chemical Formula from Composition),Show how to determine a compound’s empirical formula from experimental composition data (percentage or mass of each element in a sample) ; illustrate the step-by-step method: convert percentage to mas,English,18,https://www.youtube.com/embed/placeholder,,chemistry;mole-concept-and-chemical-formulas
CHEM-NSI-U6-L2,CHEM-NSI,6,Mole Concept and Chemical Formulas,2,Fòmil Empirik kont Fòmil Molekilè (Empirical Formula vs Molecular Formula),Explain what a chemical formula represents (the types and counts of atoms in a substance); differentiate between an empirical formula (simplest whole-number ratio of atoms in a compound) and a molecul,English,18,https://www.youtube.com/embed/placeholder,,chemistry;mole-concept-and-chemical-formulas
CHEM-NSI-U6-L3,CHEM-NSI,6,Mole Concept and Chemical Formulas,3,Konpozisyon Massik (Mass Percent Composition Calculations),Calculate the percentage by mass of each element in a compound given its formula ; reinforce the concept of mass composition as a way to describe a compound’s makeup; use percent composition to identi,English,18,https://www.youtube.com/embed/placeholder,,chemistry;mole-concept-and-chemical-formulas
CHEM-NSI-U6-L4,CHEM-NSI,6,Mole Concept and Chemical Formulas,4,Konsep Mol ak Mas Molè (The Mole Concept and Molar Mass),Understand the mole (mol) as the standard unit for amount of substance in chemistry ; know that one mole corresponds to a fixed number of particles ($6.,English,18,https://www.youtube.com/embed/placeholder,,chemistry;mole-concept-and-chemical-formulas
CHEM-NSI-U6-L5,CHEM-NSI,6,Mole Concept and Chemical Formulas,5,Nonmenklati Debaz Konpoze Chimik (Basic Chemical Nomenclature of Compounds),Introduce the rules for naming simple inorganic chemical compounds (according to official nomenclature)  ; enable students to name a compound from its formula and write the formula from its name for c,English,18,https://www.youtube.com/embed/placeholder,,chemistry;mole-concept-and-chemical-formulas
CHEM-NSI-U6-L6,CHEM-NSI,6,Mole Concept and Chemical Formulas,6,Senbòl Chimik ak Eleman (Chemical Symbols and Elements),Recognize that each chemical element (eleman chimik) is represented by a unique symbol (usually one or two letters) ; memorize symbols of common elements; distinguish between element names in Creole/F,English,18,https://www.youtube.com/embed/placeholder,,chemistry;mole-concept-and-chemical-formulas
CHEM-NSI-U7-L1,CHEM-NSI,7,Chemical Reactions,1,Ekwasyon Chimike ak Balanse (Chemical Equations and Balancing),"Learn to represent chemical reactions with equations using formulas and symbols ; interpret the parts of a chemical equation (reactants, products, arrow meaning “yields”); apply the law of conservatio",English,18,https://www.youtube.com/embed/placeholder,,chemistry;chemical-reactions
CHEM-NSI-U7-L2,CHEM-NSI,7,Chemical Reactions,2,Entwodiksyon a Estekiometri (Introduction to Stoichiometric Calculations),"Use a balanced chemical equation to interpret mole ratios of reactants and products  ; perform basic stoichiometric calculations: given a certain amount (in moles or grams) of one substance, calculate",English,18,https://www.youtube.com/embed/placeholder,,chemistry;chemical-reactions
CHEM-NSI-U7-L3,CHEM-NSI,7,Chemical Reactions,3,Kisa ki yon Reyaksyon Chimike? (What is a Chemical Reaction?),Define a chemical reaction (reyaksyon chimik) as a process where substances (reactants) transform into new substances (products) ; understand the Law of Conservation of Mass (Lwa Konsèvasyon Mas) – ma,English,18,https://www.youtube.com/embed/placeholder,,chemistry;chemical-reactions
CHEM-NSI-U8-L1,CHEM-NSI,8,Reactivity of Metals and Non-metals,1,Entwodiksyon sou Reaktivite Materyèl (Introduction to Material Reactivity),Explain what “reactivity” means in a chemical context (how readily a substance undergoes a chemical reaction); distinguish general reactivity trends of metals (meto) versus non-metals (ki pa metalik);,English,18,https://www.youtube.com/embed/placeholder,,chemistry;reactivity-of-metals-and-non-metals
CHEM-NSI-U8-L2,CHEM-NSI,8,Reactivity of Metals and Non-metals,2,Reaksyon ak Air (Oksijèn) ak Dlo (Reactions with Air (Oxygen) and Water),"Describe how different materials react with oxygen in air (oxidation, combustion, corrosion)  and with water ; compare fast reactions like burning with slow oxidation like rusting.",English,18,https://www.youtube.com/embed/placeholder,,chemistry;reactivity-of-metals-and-non-metals
CHEM-NSI-U8-L3,CHEM-NSI,8,Reactivity of Metals and Non-metals,3,Reaksyon ak Asid (Reactions with Acids),"Observe and understand how materials react with acids , focusing on metals and carbonate compounds.",English,18,https://www.youtube.com/embed/placeholder,,chemistry;reactivity-of-metals-and-non-metals
CHEM-NSI-U8-L4,CHEM-NSI,8,Reactivity of Metals and Non-metals,4,Reaksyon ak Baz ak Sèl (Reactions with Bases and Salts),Investigate how certain materials react with bases (alkalis)  and how some metals or non-metals react with salt solutions (displacement reactions) .,English,18,https://www.youtube.com/embed/placeholder,,chemistry;reactivity-of-metals-and-non-metals
CHEM-NSI-U9-L1,CHEM-NSI,9,Atomic Theory and Atomic Structure,1,Istwa Modèl Atomik (History of Atomic Models),Trace the development of atomic theory through historical models ; understand how scientific models of the atom changed as new evidence emerged.,English,18,https://www.youtube.com/embed/placeholder,,chemistry;atomic-theory-and-atomic-structure
CHEM-NSI-U9-L2,CHEM-NSI,9,Atomic Theory and Atomic Structure,2,Konpozisyon Atòm – Patikil Subatomik (Composition of the Atom – Subatomic Particles),"Identify and describe the three main subatomic particles: proton, neutron, electron  – including their charge, relative mass, and location in the atom.",English,18,https://www.youtube.com/embed/placeholder,,chemistry;atomic-theory-and-atomic-structure
CHEM-NSI-U9-L3,CHEM-NSI,9,Atomic Theory and Atomic Structure,3,"Nimewo Atomik, Izotòp ak Màs Atomik Mwayèn (Atomic Number, Isotopes, and Average Atomic Mass)",Reinforce that atomic number (Z) defines the element ; explain what isotopes (izotòp) are – atoms of the same element with different numbers of neutrons ; give examples of common isotopes (like Carbon,English,18,https://www.youtube.com/embed/placeholder,,chemistry;atomic-theory-and-atomic-structure
CHEM-NSII-U1-L1,CHEM-NSII,1,Structure of Matter,1,:,"Describe the distinguishing characteristics of solids, liquids, and gases (形态固体, 液体, 气体).",English,18,https://www.youtube.com/embed/placeholder,,chemistry;structure-of-matter
CHEM-NSII-U1-L2,CHEM-NSII,1,Structure of Matter,2,:,"Interpret the macroscopic properties of solids, liquids, and gases in terms of a microscopic particle model .",English,18,https://www.youtube.com/embed/placeholder,,chemistry;structure-of-matter
CHEM-NSII-U2-L1,CHEM-NSII,2,Atomic Structure,1,:,"Describe the basic structure of an atom (nucleus and electron cloud) and identify its subatomic particles: protons, neutrons, electrons.",English,18,https://www.youtube.com/embed/placeholder,,chemistry;atomic-structure
CHEM-NSII-U2-L2,CHEM-NSII,2,Atomic Structure,2,:,Explain how electrons in an atom are arranged in energy levels (shells) and sublevels/orbitals around the nucleus.,English,18,https://www.youtube.com/embed/placeholder,,chemistry;atomic-structure
CHEM-NSII-U3-L1,CHEM-NSII,3,Periodic Table,1,:,Describe how the periodic table is arranged by increasing atomic number and in rows (periods) and columns (groups/families).,English,18,https://www.youtube.com/embed/placeholder,,chemistry;periodic-table
CHEM-NSII-U3-L2,CHEM-NSII,3,Periodic Table,2,:,"Define key periodic properties of elements: atomic radius, ionization energy, electron affinity, electronegativity, and metallic character.",English,18,https://www.youtube.com/embed/placeholder,,chemistry;periodic-table
CHEM-NSII-U4-L1,CHEM-NSII,4,Chemical Bonding,1,:,Distinguish between ionic bonds and covalent bonds and describe how each type forms (transfer of electrons vs sharing of electrons).,English,18,https://www.youtube.com/embed/placeholder,,chemistry;chemical-bonding
CHEM-NSII-U4-L2,CHEM-NSII,4,Chemical Bonding,2,:,"Draw Lewis dot structures for atoms and simple covalent molecules, showing how valence electrons are shared in bonds.",English,18,https://www.youtube.com/embed/placeholder,,chemistry;chemical-bonding
CHEM-NSII-U4-L3,CHEM-NSII,4,Chemical Bonding,3,:,Use VSEPR theory (Valence Shell Electron Pair Repulsion) to predict the 3D geometry of simple covalent molecules based on their Lewis structures (counting bonding pairs vs lone pairs on the central at,English,18,https://www.youtube.com/embed/placeholder,,chemistry;chemical-bonding
CHEM-NSII-U5-L1,CHEM-NSII,5,Solutions and Mixtures,1,:,Define and distinguish between a pure substance (substans pi) and a mixture (melanj).,English,18,https://www.youtube.com/embed/placeholder,,chemistry;solutions-and-mixtures
CHEM-NSII-U5-L2,CHEM-NSII,5,Solutions and Mixtures,2,:,Define a solution (solisyon) as a homogeneous mixture of one or more solutes dissolved in a solvent.,English,18,https://www.youtube.com/embed/placeholder,,chemistry;solutions-and-mixtures
CHEM-NSII-U1-L3,CHEM-NSII,1,"Unit identification: “If I say a solution is ‘0.5 M HCl’, what does that mean in",3,:,Explain what it means to dilute a solution – adding solvent to decrease the concentration of solute.,English,18,https://www.youtube.com/embed/placeholder,,"chemistry;unit-identification:-“if-i-say-a-solution-is-‘0.5-m-hcl’,-what-does-that-mean-in-terms-of-"
CHEM-NSIII-U1-L1,CHEM-NSIII,1,Chapter 1: Gas Laws and Gas Properties,1,Entwodiksyon sou Pwopriyete ak Konpòtman Gaz (Introduction to Gas Properties and Behavior),"Understand the basic state variables of gases (pressure – presyon, volume – volim, temperature – tanperati) .",English,15,https://www.youtube.com/embed/placeholder,,chemistry;chapter-1:-gas-laws-and-gas-properties
CHEM-NSIII-U2-L1,CHEM-NSIII,2,Chapter 1: Gas Laws and Gas Properties,1,Lwa Boyle ak Lwa Charles (Boyle’s and Charles’ Gas Laws),State and apply Boyle’s Law (Lwa Boyle) and Charles’ Law (Lwa Charles).,English,15,https://www.youtube.com/embed/placeholder,,chemistry;chapter-1:-gas-laws-and-gas-properties
CHEM-NSIII-U3-L1,CHEM-NSIII,3,Chapter 1: Gas Laws and Gas Properties,1,Lwa Gaz Ideyal ak Kalkil (Ideal Gas Law and Calculations),Combine the simple gas laws into the Ideal Gas Equation (Ekwasyon Gaz Ideyal) PV = nRT.,English,15,https://www.youtube.com/embed/placeholder,,chemistry;chapter-1:-gas-laws-and-gas-properties
CHEM-NSIII-U4-L1,CHEM-NSIII,4,Chapter 2: Solutions and Solubility,1,Dlo kòm Solvan Inivèsèl ak Tretman Dlo (Water as Universal Solvent and Water Treatment),Understand the unique properties of water (dlo) that make it the “universal solvent” (solvan inivèsèl) .,English,18,https://www.youtube.com/embed/placeholder,,chemistry;chapter-2:-solutions-and-solubility
CHEM-NSIII-U5-L1,CHEM-NSIII,5,Chapter 2: Solutions and Solubility,1,Konsantrasyon Solisyon yo (Concentration of Solutions),"Define a solution (solisyon), solute (solite), and solvent (solvan).",English,18,https://www.youtube.com/embed/placeholder,,chemistry;chapter-2:-solutions-and-solubility
CHEM-NSIII-U6-L1,CHEM-NSIII,6,Chapter 2: Solutions and Solubility,1,Konsep Mol ak Kantite Matyè (The Mole Concept and Quantity of Matter),Grasp the concept of the mole (mol) as a counting unit in chemistry.,English,15,https://www.youtube.com/embed/placeholder,,chemistry;chapter-2:-solutions-and-solubility
CHEM-NSIII-U7-L1,CHEM-NSIII,7,Chapter 2: Solutions and Solubility,1,Preparasyon ak Dilisyon Solisyon (Solution Preparation and Dilution Techniques),Demonstrate how to prepare solutions of a given concentration step by step  .,English,18,https://www.youtube.com/embed/placeholder,,chemistry;chapter-2:-solutions-and-solubility
CHEM-NSIII-U8-L1,CHEM-NSIII,8,Chapter 2: Solutions and Solubility,1,Solibilite ak Fakè ki Afekte li (Solubility and Factors Affecting It),"Define solubility (solibilite) and terms like saturated (sasyete), unsaturated, and supersaturated solutions.",English,18,https://www.youtube.com/embed/placeholder,,chemistry;chapter-2:-solutions-and-solubility
CHEM-NSIII-U9-L1,CHEM-NSIII,9,Chapter 3: Acids and Bases,1,"Asid fò, Baz fò ak Kalkil pH (Strong Acids, Strong Bases and pH Calculations)",Distinguish between strong acids/bases and weak ones.,English,18,https://www.youtube.com/embed/placeholder,,chemistry;chapter-3:-acids-and-bases
CHEM-NSIII-U10-L1,CHEM-NSIII,10,Chapter 3: Acids and Bases,1,Echèl pH ak Oto-Iyonnizasyon Dlo (The pH Scale and Water Auto-Ionization),Explain the self-ionization of water (autoprotolysis: $\text{2 H₂O ⇌ H₃O⁺ + OH⁻}$).,English,18,https://www.youtube.com/embed/placeholder,,chemistry;chapter-3:-acids-and-bases
CHEM-NSIII-U11-L1,CHEM-NSIII,11,Chapter 3: Acids and Bases,1,Entwodiksyon sou Asid ak Baz (Introduction to Acids and Bases),Identify common acids (asid) and bases (baz) in everyday life.,English,18,https://www.youtube.com/embed/placeholder,,chemistry;chapter-3:-acids-and-bases
CHEM-NSIII-U12-L1,CHEM-NSIII,12,Chapter 3: Acids and Bases,1,Reyaksyon Netralizasyon Asid-Baz (Acid-Base Reactions and Neutralization),Write and predict products of acid-base neutralization reactions.,English,18,https://www.youtube.com/embed/placeholder,,chemistry;chapter-3:-acids-and-bases
CHEM-NSIII-U13-L1,CHEM-NSIII,13,Chapter 4: Redox Reactions,1,Baz Oksidasyon ak Rediksyon (Basics of Oxidation and Reduction),Define oxidation (oksidasyon) and reduction (rediksyon) in terms of both oxygen transfer and electron transfer.,English,18,https://www.youtube.com/embed/placeholder,,chemistry;chapter-4:-redox-reactions
CHEM-NSIII-U14-L1,CHEM-NSIII,14,Chapter 4: Redox Reactions,1,Egzanp Redoks nan Lavi Koutidyen (Redox Reactions in Everyday Life),Connect redox concepts to real-world phenomena and technologies.,English,18,https://www.youtube.com/embed/placeholder,,chemistry;chapter-4:-redox-reactions
CHEM-NSIII-U15-L1,CHEM-NSIII,15,Chapter 4: Redox Reactions,1,Nimewo Oksidasyon ak Balans Ekwasyon Redoks (Oxidation Numbers and Balancing Redox Equations),Learn to assign oxidation numbers (nombre d’oxydation) to elements in compounds and ions.,English,18,https://www.youtube.com/embed/placeholder,,chemistry;chapter-4:-redox-reactions
CHEM-NSIII-U16-L1,CHEM-NSIII,16,Chapter 5: Precipitation Reactions,1,Aplikasyon Reyaksyon Presipitasyon (Applications of Precipitation Reactions),"Understand how precipitation reactions are used in real-world contexts: qualitative analysis (to test for the presence of specific ions), removing pollutants from water, medical tests, etc.",English,18,https://www.youtube.com/embed/placeholder,,chemistry;chapter-5:-precipitation-reactions
CHEM-NSIII-U17-L1,CHEM-NSIII,17,Chapter 5: Precipitation Reactions,1,Entwodiksyon a Reyaksyon Presipitasyon (Introduction to Precipitation Reactions),"Define a precipitation reaction and identify its general form (AB + CD → AD + CB, where one of AD or CB is insoluble).",English,18,https://www.youtube.com/embed/placeholder,,chemistry;chapter-5:-precipitation-reactions
CHEM-NSIII-U18-L1,CHEM-NSIII,18,Chapter 6: Metal Reactivity and Extraction,1,Eksplwatasyon ak Metòd Ekstraksyon Meto (Mining Ores and Metal Extraction Methods),Define what a mineral ore (minerai) is: a naturally occurring compound from which a metal can be economically extracted.,English,18,https://www.youtube.com/embed/placeholder,,chemistry;chapter-6:-metal-reactivity-and-extraction
CHEM-NSIII-U19-L1,CHEM-NSIII,19,Chapter 6: Metal Reactivity and Extraction,1,Elektwoliz pou Pirifye ak Pwoteje Meto (Electrolysis for Metal Purification and Protection),Describe how electrolysis (elektwoliz) can be used to refine metals (e.,English,18,https://www.youtube.com/embed/placeholder,,chemistry;chapter-6:-metal-reactivity-and-extraction
CHEM-NSIII-U20-L1,CHEM-NSIII,20,Chapter 6: Metal Reactivity and Extraction,1,Estrikti ak Pwopriyete Metalik (Metallic Structure and Properties),Describe the structure of a metallic solid  as a lattice of positive metal ions surrounded by a “sea” of delocalized electrons (liaison métallique).,English,18,https://www.youtube.com/embed/placeholder,,chemistry;chapter-6:-metal-reactivity-and-extraction
CHEM-NSIII-U21-L1,CHEM-NSIII,21,Chapter 6: Metal Reactivity and Extraction,1,Meto Piti vs Alyaj (Pèfòmans ak Pwopriyete) (Pure Metals vs Alloys – Characteristics and Properties),Define an alloy (alyaj) as a mixture of a metal with other elements (usually other metals).,English,18,https://www.youtube.com/embed/placeholder,,chemistry;chapter-6:-metal-reactivity-and-extraction
CHEM-NSIII-U22-L1,CHEM-NSIII,22,Chapter 6: Metal Reactivity and Extraction,1,Seri Reyaktivite Metal ak Kwasans Karaktè Metalik (Metal Reactivity Series and Metallic Character),"Reintroduce and expand on the metal reactivity series (seri reyaktivite) , explaining why certain metals react more readily than others.",English,18,https://www.youtube.com/embed/placeholder,,chemistry;chapter-6:-metal-reactivity-and-extraction
CHEM-NSIII-U23-L1,CHEM-NSIII,23,Chapter 7: Organic Chemistry – Carbon and Hydrocarbons,1,Atòm Kabòn ak Pwopriyete li (The Carbon Atom and its Properties),Describe the electronic structure of a carbon atom (atomic number 6: 1s² 2s² 2p²) and how it leads to carbon’s valence of 4.,English,18,https://www.youtube.com/embed/placeholder,,chemistry;chapter-7:-organic-chemistry-–-carbon-and-hydrocarbons
CHEM-NSIII-U24-L1,CHEM-NSIII,24,Chapter 7: Organic Chemistry – Carbon and Hydrocarbons,1,Chenn Kabòn ak Kalite Idwokabòn (Carbon Chains and Types of Hydrocarbons),Define hydrocarbons (idwokabòn) as compounds containing only carbon and hydrogen.,English,18,https://www.youtube.com/embed/placeholder,,chemistry;chapter-7:-organic-chemistry-–-carbon-and-hydrocarbons
CHEM-NSIII-U25-L1,CHEM-NSIII,25,Chapter 7: Organic Chemistry – Carbon and Hydrocarbons,1,Nonmen Idwokabòn (Nomenklati UIPAC Debaz) (Naming Hydrocarbons – Basic IUPAC Nomenclature),Learn the IUPAC systematic nomenclature rules for simple hydrocarbons  .,English,18,https://www.youtube.com/embed/placeholder,,chemistry;chapter-7:-organic-chemistry-–-carbon-and-hydrocarbons
CHEM-NSIII-U26-L1,CHEM-NSIII,26,Chapter 7: Organic Chemistry – Carbon and Hydrocarbons,1,Pwopriyete ak Itilizasyon Idwokabòn (Properties and Uses of Hydrocarbons),"Summarize some general physical properties of different hydrocarbons (state at room temp, boiling points, solubility).",English,18,https://www.youtube.com/embed/placeholder,,chemistry;chapter-7:-organic-chemistry-–-carbon-and-hydrocarbons
CHEM-NSIV-U1-L1,CHEM-NSIV,1,Thermochemistry,1,Aplikasyon Tèrmochimi nan Lavi Toulejou,Connect thermochemistry concepts to real-world situations.,English,15,https://www.youtube.com/embed/placeholder,,chemistry;thermochemistry
CHEM-NSIV-U1-L2,CHEM-NSIV,1,Thermochemistry,2,Entwodiksyon a Tèrmochimi – Chalè nan Reyaksyon Chimik,Understand what thermochemistry is and why energy changes accompany chemical reactions.,English,15,https://www.youtube.com/embed/placeholder,,chemistry;thermochemistry
CHEM-NSIV-U1-L3,CHEM-NSIV,1,Thermochemistry,3,Mezire Chalè nan Reyaksyon – Kalorimetri Senp,Learn how to measure heat changes in chemical reactions using a calorimeter (kalorimèt).,English,15,https://www.youtube.com/embed/placeholder,,chemistry;thermochemistry
CHEM-NSIV-U1-L4,CHEM-NSIV,1,Thermochemistry,4,Reyaksyon Egzotèrmik ak Endotèrmik – Egzanp ak Dyagram Enèji,Distinguish clearly between exothermic and endothermic reactions by definition and by analyzing energy profiles.,English,15,https://www.youtube.com/embed/placeholder,,chemistry;thermochemistry
CHEM-NSIV-U2-L1,CHEM-NSIV,2,Reaction Rates,1,Entwodiksyon a Vitès Reyaksyon – Ki jan vit Reaksyon Chimik yo ye?,Define what the rate of a chemical reaction is and why it matters.,English,15,https://www.youtube.com/embed/placeholder,,chemistry;reaction-rates
CHEM-NSIV-U2-L2,CHEM-NSIV,2,Reaction Rates,2,Faktè ki Enfliyanse Vitès Reyaksyon – Teori Kolizyon,Understand the Collision Theory (Teori Kolizyon) basis for reaction rates: reactions occur when reacting particles effectively collide.,English,18,https://www.youtube.com/embed/placeholder,,chemistry;reaction-rates
CHEM-NSIV-U2-L3,CHEM-NSIV,2,Reaction Rates,3,Katalisè ak Reyaksyon – Wòl Katalis nan Vitès Reyaksyon,Explain what a catalyst (katalisè) is and how it influences reaction rate without being consumed.,English,18,https://www.youtube.com/embed/placeholder,,chemistry;reaction-rates
CHEM-NSIV-U3-L1,CHEM-NSIV,3,Chemical Equilibrium,1,Entwodiksyon ak Ekilib Chimik – Reaksyon Reyèsib,Grasp the concept of a reversible reaction (reaksyon reyèsib) and how it leads to chemical equilibrium.,English,18,https://www.youtube.com/embed/placeholder,,chemistry;chemical-equilibrium
CHEM-NSIV-U3-L2,CHEM-NSIV,3,Chemical Equilibrium,2,Konstann Ekilib – Kₑ ak Kₚ (Eksprèsyon Matematik Ekilib),Introduce the equilibrium constant and how it quantifies the ratio of products to reactants at equilibrium.,English,18,https://www.youtube.com/embed/placeholder,,chemistry;chemical-equilibrium
CHEM-NSIV-U3-L3,CHEM-NSIV,3,Chemical Equilibrium,3,Prensip Le Châtelier – Kijan Ekilib Reyaji a Chanjman,"Understand Le Châtelier’s Principle – if a stress (change in conditions) is applied to a system at equilibrium, the system will adjust (shift) to partially counteract that change and re-establish equi",English,18,https://www.youtube.com/embed/placeholder,,chemistry;chemical-equilibrium
CHEM-NSIV-U4-L1,CHEM-NSIV,4,Acids and Bases,1,Definisyon Asid ak Baz – Arrhenius ak Brønsted-Lowry,Define acids (asid) and bases (baz) using both Arrhenius and Brønsted-Lowry theories.,English,18,https://www.youtube.com/embed/placeholder,,chemistry;acids-and-bases
CHEM-NSIV-U4-L2,CHEM-NSIV,4,Acids and Bases,2,"Fos Asid ak Baz – Asid Fò vs Fèb, Baz Fò vs Fèb, ak Echèl pH",Differentiate between strong and weak acids and bases.,English,18,https://www.youtube.com/embed/placeholder,,chemistry;acids-and-bases
CHEM-NSIV-U4-L3,CHEM-NSIV,4,Acids and Bases,3,Reyaksyon Netralizasyon – Asid + Baz = Sèl + Dlo,"Illustrate what happens in an acid-base reaction, specifically neutralization between strong acids and bases.",English,18,https://www.youtube.com/embed/placeholder,,chemistry;acids-and-bases
CHEM-NSIV-U4-L4,CHEM-NSIV,4,Acids and Bases,4,Solisyon Tampon – Ki jan yo Estabilize pH,Define a buffer solution (solisyon tampon) and understand its purpose: a buffer resists changes in pH when small amounts of acid or base are added.,English,18,https://www.youtube.com/embed/placeholder,,chemistry;acids-and-bases
CHEM-NSIV-U5-L1,CHEM-NSIV,5,Electrochemistry,1,"Aplikasyon Elektwochimi – Batri, Kowozyon, ak Pwoteksyon","Summarize practical applications of electrochemistry, tying together galvanic and electrolytic concepts.",English,18,https://www.youtube.com/embed/placeholder,,chemistry;electrochemistry
CHEM-NSIV-U5-L2,CHEM-NSIV,5,Electrochemistry,2,Balansman Ekwasyon Redox – Metòd Half-Reaction,"Learn how to balance redox reactions, especially in aqueous solutions, using the half-reaction method.",English,18,https://www.youtube.com/embed/placeholder,,chemistry;electrochemistry
CHEM-NSIV-U5-L3,CHEM-NSIV,5,Electrochemistry,3,Elektwoliz – Reaksyon ki Pa Espontane kondwi pa Kouran (Batri Chajabl & Endistriyèl),"Explain electrolysis (elektwoliz), the process of using electrical energy to drive a non-spontaneous chemical reaction (essentially the opposite of a galvanic cell).",English,18,https://www.youtube.com/embed/placeholder,,chemistry;electrochemistry
CHEM-NSIV-U5-L4,CHEM-NSIV,5,Electrochemistry,4,Oksidasyon ak Rediksyon – Konsèp Debaz Redox,"Introduce oxidation-reduction (redox) reactions, explaining that these are processes where electrons are transferred from one species to another.",English,18,https://www.youtube.com/embed/placeholder,,chemistry;electrochemistry
CHEM-NSIV-U5-L5,CHEM-NSIV,5,Electrochemistry,5,Pile Elektrochimik (Pil Galvanik) – Kijan yon Batri Pwodui Kouran,Explain the structure and function of a galvanic/voltaic cell (pile elektrochimik) – a device that converts chemical energy from a spontaneous redox reaction into electrical energy .,English,18,https://www.youtube.com/embed/placeholder,,chemistry;electrochemistry
CHEM-NSIV-U6-L1,CHEM-NSIV,6,Organic Chemistry,1,Entwodiksyon a Chimi Òganik – Enpòtans Kabòn,Introduce organic chemistry as the chemistry of carbon compounds (konpoze kabòn).,English,18,https://www.youtube.com/embed/placeholder,,chemistry;organic-chemistry
CHEM-NSIV-U6-L2,CHEM-NSIV,6,Organic Chemistry,2,"Estrikti ak Izomeri – Fòmil Estriktirèl, Izomè Konstitisyonèl ak Espasyal",Learn how organic compounds are represented and the concept of structural formulas.,English,18,https://www.youtube.com/embed/placeholder,,chemistry;organic-chemistry
CHEM-NSIV-U6-L3,CHEM-NSIV,6,Organic Chemistry,3,"Fanmi Idrokarbur – Alkan, Alkèn, Alkyn, ak Aromatik",Classify hydrocarbons into their families and understand their general properties.,English,18,https://www.youtube.com/embed/placeholder,,chemistry;organic-chemistry
CHEM-NSIV-U6-L4,CHEM-NSIV,6,Organic Chemistry,4,Reaktivite Alkan – Substitisyon Radikalè (Eg: Alkan + Klò),"Explore the chemical reactivity of alkanes, which is generally low due to strong C–C and C–H single bonds.",English,18,https://www.youtube.com/embed/placeholder,,chemistry;organic-chemistry
CHEM-NSIV-U6-L5,CHEM-NSIV,6,Organic Chemistry,5,Reaktivite Alkèn ak Alkin – Adisyon sou Liyzon Doub/Trèb,"Understand that alkenes and alkynes, unlike alkanes, readily undergo addition reactions (reyaksyon adisyon) across their multiple bonds.",English,18,https://www.youtube.com/embed/placeholder,,chemistry;organic-chemistry
CHEM-NSIV-U6-L6,CHEM-NSIV,6,Organic Chemistry,6,Reaktivite Idrokarbur Aromatik – Substitisyon Elektwofil (Eg: Benzèn),"Explain that aromatic hydrocarbons (like benzene, C₆H₆) have a special stability due to their ring of π electrons (resonance).",English,18,https://www.youtube.com/embed/placeholder,,chemistry;organic-chemistry
ECON-NSI-U1-L1,ECON-NSI,1,Chapit 1: Entwodiksyon ak Ekonomi,1,Bezwen ak resous ra (Besoins et ressources),Understand unlimited bezwen (besoins) vs limited resous (ressources).,English,15,https://www.youtube.com/embed/placeholder,,economie;chapit-1:-entwodiksyon-ak-ekonomi
ECON-NSI-U2-L1,ECON-NSI,2,Chapit 1: Entwodiksyon ak Ekonomi,1,Ki sa ki ekonomi? (Qu’est-ce que l’économie?),Students will define ekonomi (économie) and understand its purpose.,English,15,https://www.youtube.com/embed/placeholder,,economie;chapit-1:-entwodiksyon-ak-ekonomi
ECON-NSI-U3-L1,ECON-NSI,3,Chapit 1: Entwodiksyon ak Ekonomi,1,Mikwoekonomi vs Makroekonomi (Microéconomie vs Macroéconomie),Differentiate mikroekonomi and makroekonomi.,English,15,https://www.youtube.com/embed/placeholder,,economie;chapit-1:-entwodiksyon-ak-ekonomi
ECON-NSI-U4-L1,ECON-NSI,4,Chapit 2: Aktè Ekonomik,1,"Menaj, antrepriz, gouvènman, ak rès mond lan (Ménages, entreprises, État, et Reste du monde)",Identify the four economic agents.,English,15,https://www.youtube.com/embed/placeholder,,economie;chapit-2:-aktè-ekonomik
ECON-NSI-U5-L1,ECON-NSI,5,Chapit 3: Pwodiksyon,1,Faktè pwodiksyon (Les facteurs de production),"List the main factors of production and describe their roles: Travay (labor), Kapital (capital), Tè (land), Antreprenè (entrepreneur).",English,15,https://www.youtube.com/embed/placeholder,,economie;chapit-3:-pwodiksyon
ECON-NSI-U6-L1,ECON-NSI,6,Chapit 3: Pwodiksyon,1,Kisa pwodiksyon ye? (Qu’est-ce que la production?),Define pwodiksyon (production) and understand its purpose.,English,15,https://www.youtube.com/embed/placeholder,,economie;chapit-3:-pwodiksyon
ECON-NSI-U7-L1,ECON-NSI,7,Chapit 4: Mache ak Distribisyon,1,Echèk Mache ak Wòl Leta (Échec du marché et intervention de l’État),"Identify situations kote mache pa efikas (échèk du marché), ak konprann wòl gouvènman: règleman, taks, sibvansyon.",English,15,https://www.youtube.com/embed/placeholder,,economie;chapit-4:-mache-ak-distribisyon
ECON-NSI-U8-L1,ECON-NSI,8,Chapit 4: Mache ak Distribisyon,1,Ki sa yon mache ye? (Qu’est-ce qu’un marché?),Define mache (marché) and its role as a coordination mechanism.,English,15,https://www.youtube.com/embed/placeholder,,economie;chapit-4:-mache-ak-distribisyon
ECON-NSI-U9-L1,ECON-NSI,9,Chapit 4: Mache ak Distribisyon,1,Lwa Of̀ ak Demann (Loi de l’offre et de la demande),Explain the loi d’offre et de demande.,English,15,https://www.youtube.com/embed/placeholder,,economie;chapit-4:-mache-ak-distribisyon
ECON-NSI-U10-L1,ECON-NSI,10,Chapit 5: Konsomasyon ak Endikatè Makwo,1,Chomaj (Le chômage),"Define chomaj (chômage), types (striktirèl, siklik, friksiyon), ak konprann konzekans li sou sosyete.",English,15,https://www.youtube.com/embed/placeholder,,economie;chapit-5:-konsomasyon-ak-endikatè-makwo
ECON-NSI-U11-L1,ECON-NSI,11,Chapit 5: Konsomasyon ak Endikatè Makwo,1,Enflasyon (Inflation),"Define enflasyon (inflasyon), comprann kouman li mezire (KIN-Konbyen Index Pri Konsomatè).",English,15,https://www.youtube.com/embed/placeholder,,economie;chapit-5:-konsomasyon-ak-endikatè-makwo
MATH-NSI-U1-L1,MATH-NSI,1,Arithmetic,1,"Ekspresyon Literè ak Faktorizasyon Debaz – Using algebraic symbols in arithmetic, simplifying expressions, and simple fa","Recognize different types of numbers (par egzanp: nonm antye, rasyonèl, irasyonèl – integers, rational, irrational) and locate them on a number line .",English,18,https://www.youtube.com/embed/placeholder,,math;arithmetic
MATH-NSI-U1-L2,MATH-NSI,1,Arithmetic,2,"Entwodiksyon ak Nonm Reyèl (Introduction aux nombres réels) – Defining real numbers and subsets (natural, integer, ratio",Master key concepts,English,12,https://www.youtube.com/embed/placeholder,,math;arithmetic
MATH-NSI-U1-L3,MATH-NSI,1,Arithmetic,3,"Konsep Pwopòsyon (Rapò ak “Katriyèm Pwopòsyonèl”) – Understanding ratios, equivalent fractions, and finding the fourth p",Master key concepts,English,12,https://www.youtube.com/embed/placeholder,,math;arithmetic
MATH-NSI-U1-L4,MATH-NSI,1,Arithmetic,4,Lesson Titles (6–10 min each):,Master key concepts,English,12,https://www.youtube.com/embed/placeholder,,math;arithmetic
MATH-NSI-U1-L5,MATH-NSI,1,Arithmetic,5,Lesson Titles (6–10 min each):,Master key concepts,English,12,https://www.youtube.com/embed/placeholder,,math;arithmetic
MATH-NSI-U1-L6,MATH-NSI,1,Arithmetic,6,"Operasyon sou Nonm Reyèl ak Pwopriyete – Addition, subtraction, multiplication, division in ℝ; commutative, associative,",Master key concepts,English,12,https://www.youtube.com/embed/placeholder,,math;arithmetic
MATH-NSI-U1-L7,MATH-NSI,1,Arithmetic,7,"Pousantaj – Kalkil ak Aplikasyon Pratik – Understanding percentages, converting between proportions and percentages, com",Master key concepts,English,12,https://www.youtube.com/embed/placeholder,,math;arithmetic
MATH-NSI-U1-L8,MATH-NSI,1,Arithmetic,8,Pwoblèm Melanj ak Taux – Tackling mixture problems (e.g. two concentrations mixed) and speed/rate problems using proport,"Interpret a ratio (rapò) and identify proportional relationships in tables or situations (if one quantity doubles, the other doubles, etc.",English,18,https://www.youtube.com/embed/placeholder,,math;arithmetic
MATH-NSI-U1-L9,MATH-NSI,1,Arithmetic,9,"Pwopòsyonalite nan Lavi Toulejou – Solving proportional reasoning problems in everyday contexts (recipes, unit rates, sc",Master key concepts,English,12,https://www.youtube.com/embed/placeholder,,math;arithmetic
MATH-NSI-U1-L10,MATH-NSI,1,Arithmetic,10,"Valè Absoli ak Konparezon – Absolute value as distance on the number line, ordering real numbers, and interval notation ",Master key concepts,English,12,https://www.youtube.com/embed/placeholder,,math;arithmetic
MATH-NSI-U2-L1,MATH-NSI,2,Algebra,1,Aplikasyon Sistèm nan Pwoblèm – Setting up and solving simple word problems using 2-variable linear systems (e.g. mixtur,Solve a pair of simultaneous linear equations in two unknowns using algebraic methods: sostisyon (substitution) and eliminasyon (elimination) .,English,18,https://www.youtube.com/embed/placeholder,,math;algebra
MATH-NSI-U2-L2,MATH-NSI,2,Algebra,2,Ekwasyon Liy Dwat – Fòm y = mx + c – Understanding that any line’s equation can be written in slope-intercept form; iden,Master key concepts,English,12,https://www.youtube.com/embed/placeholder,,math;algebra
MATH-NSI-U2-L3,MATH-NSI,2,Algebra,3,Ekwasyon Premye Degre (1 enkoni) – Solving first-degree (linear) equations in one variable (ax + b = c form) .,Master key concepts,English,12,https://www.youtube.com/embed/placeholder,,math;algebra
MATH-NSI-U2-L4,MATH-NSI,2,Algebra,4,Entèpretasyon Grafik yon Sistèm – Graphical interpretation of solution (intersection of two lines) and consistency (one ,Master key concepts,English,12,https://www.youtube.com/embed/placeholder,,math;algebra
MATH-NSI-U2-L5,MATH-NSI,2,Algebra,5,Entèseksyon de Dwèt ak Distans (Optional if time) – Finding intersection of two lines by solving equations (reinforcing ,Recognize the equation of a line in slope-intercept form y = mx + c (or y = ax + b as previously) and identify its slope m and y-intercept c at a glance .,English,18,https://www.youtube.com/embed/placeholder,,math;algebra
MATH-NSI-U2-L6,MATH-NSI,2,Algebra,6,Faktorizasyon Bazik – Factoring common factors and simple trinomial or difference of squares (introducing basic factoriz,Master key concepts,English,12,https://www.youtube.com/embed/placeholder,,math;algebra
MATH-NSI-U2-L7,MATH-NSI,2,Algebra,7,"Fonksyon Afìn (f(x) = ax + b) – Exploring $f(x) = ax + b$ (non-zero intercept): definition, slope (koefisyan direksyon) ",Master key concepts,English,12,https://www.youtube.com/embed/placeholder,,math;algebra
MATH-NSI-U2-L8,MATH-NSI,2,Algebra,8,"Fonksyon Pwopòsyonèl (Linyè) – Properties of linear functions $f(x) = ax$ through origin: proportional relationships, gr",Master key concepts,English,12,https://www.youtube.com/embed/placeholder,,math;algebra
MATH-NSI-U2-L9,MATH-NSI,2,Algebra,9,Fraksyon Aljebrik ak Domèn – Simplifying rational algebraic expressions (fractions with polynomials) and determining the,"Recognize monomials (monòm), identify their parts (coefficient and degree) and recognize polynomials as sums of monomials .",English,18,https://www.youtube.com/embed/placeholder,,math;algebra
MATH-NSI-U2-L10,MATH-NSI,2,Algebra,10,Fòm Jeneral Ekwasyon Dwèt – Converting between general form (Ax + By + C = 0) and slope-intercept form; using general fo,Master key concepts,English,12,https://www.youtube.com/embed/placeholder,,math;algebra
MATH-NSI-U2-L11,MATH-NSI,2,Algebra,11,Inekwasyon Premye Degre (1 enkoni) – Solving linear inequalities (one variable) and representing solution intervals on t,Master key concepts,English,12,https://www.youtube.com/embed/placeholder,,math;algebra
MATH-NSI-U2-L12,MATH-NSI,2,Algebra,12,Konsep Fonksyon – Notasyon f(x) – What is a function? Introduction to linear functions $f(x) = ax$ and notation $x \maps,Master key concepts,English,12,https://www.youtube.com/embed/placeholder,,math;algebra
MATH-NSI-U2-L13,MATH-NSI,2,Algebra,13,Lesson Titles (6–10 min each):,Master key concepts,English,12,https://www.youtube.com/embed/placeholder,,math;algebra
MATH-NSI-U2-L14,MATH-NSI,2,Algebra,14,Lesson Titles (6–10 min each):,Master key concepts,English,12,https://www.youtube.com/embed/placeholder,,math;algebra
MATH-NSI-U2-L15,MATH-NSI,2,Algebra,15,Lesson Titles (6–10 min each):,Master key concepts,English,12,https://www.youtube.com/embed/placeholder,,math;algebra
MATH-NSI-U2-L16,MATH-NSI,2,Algebra,16,Lesson Titles (6–10 min each):,Master key concepts,English,12,https://www.youtube.com/embed/placeholder,,math;algebra
MATH-NSI-U2-L17,MATH-NSI,2,Algebra,17,Lesson Titles (6–10 min each):,Master key concepts,English,12,https://www.youtube.com/embed/placeholder,,math;algebra
MATH-NSI-U2-L18,MATH-NSI,2,Algebra,18,"Operasyon sou Polinòm – Adding, subtracting, and multiplying polynomials (including distributive property application).",Master key concepts,English,12,https://www.youtube.com/embed/placeholder,,math;algebra
MATH-NSI-U2-L19,MATH-NSI,2,Algebra,19,Pwopòsyonalite ak Fonksyon – Egzanp pratik – Connect linear functions to proportion and percentage scenarios (currency c,Understand the concept of a function as a rule that assigns to each input x exactly one output f(x).,English,18,https://www.youtube.com/embed/placeholder,,math;algebra
MATH-NSI-U2-L20,MATH-NSI,2,Algebra,20,"Reprezantasyon Grafik ak Entèpretasyon – Graphing linear and affine functions, reading value of f(x) from graph, finding",Master key concepts,English,12,https://www.youtube.com/embed/placeholder,,math;algebra
MATH-NSI-U2-L21,MATH-NSI,2,Algebra,21,Sistèm de Ekwasyon Linyè (2 enkoni) – Solving a system of two linear equations in two variables (substitution and elimin,Master key concepts,English,12,https://www.youtube.com/embed/placeholder,,math;algebra
MATH-NSI-U2-L22,MATH-NSI,2,Algebra,22,Sistèm de Inekwasyon Linyè – Solving two linear inequalities in two variables (graphical solution region) . (This can be,Master key concepts,English,12,https://www.youtube.com/embed/placeholder,,math;algebra
MATH-NSI-U2-L23,MATH-NSI,2,Algebra,23,Slope (Koefisyan Direksyon) ak Paralelis/Pèpandikilè – Calculating slope given two points; conditions for parallel lines,Master key concepts,English,12,https://www.youtube.com/embed/placeholder,,math;algebra
MATH-NSI-U2-L24,MATH-NSI,2,Algebra,24,"Solisyon Ekwasyon – Tcheke ak Entèprete – Strategies for verifying solutions, understanding identities vs. contradiction","Solve linear equations of the form ax + b = c (and equations requiring simplification, like with parentheses or variables both sides) using inverse operations and balancing.",English,18,https://www.youtube.com/embed/placeholder,,math;algebra
MATH-NSI-U2-L25,MATH-NSI,2,Algebra,25,Trase yon Dwèt ki Konu Ekwasyon li – How to plot a line quickly using intercepts or slope; finding x- and y-intercepts f,Master key concepts,English,12,https://www.youtube.com/embed/placeholder,,math;algebra
MATH-NSI-U2-L26,MATH-NSI,2,Algebra,26,"Vokabilè Aljèb – Monòm ak Polinòm – Understanding terms, coefficients, degrees; identifying monomials and polynomials (d",Master key concepts,English,12,https://www.youtube.com/embed/placeholder,,math;algebra
MATH-NSI-U3-L1,MATH-NSI,3,Geometry,1,Ang Enskri ak Ang an Sant – The inscribed angle theorem: an inscribed angle is half the measure of the central angle tha,Master key concepts,English,12,https://www.youtube.com/embed/placeholder,,math;geometry
MATH-NSI-U3-L2,MATH-NSI,3,Geometry,2,Aplikasyon Teyorèm Ang Sèk – Applying circle angle properties to find unknown angles in figures; extension to angles in ,Master circle-related vocabulary in Haitian Creole (with French equivalents): e.,English,18,https://www.youtube.com/embed/placeholder,,math;geometry
MATH-NSI-U3-L3,MATH-NSI,3,Geometry,3,"Definisyon Sinus, Kosinus, Tengant – Define sin, cos, tan for acute angles in a right triangle (rapport ant kote yo)  .",Master key concepts,English,12,https://www.youtube.com/embed/placeholder,,math;geometry
MATH-NSI-U3-L4,MATH-NSI,3,Geometry,4,Egzèsis: Triyang Rektang – Mixed practice: using trig ratios along with Pythagorean theorem to solve real-world height/d,Master key concepts,English,12,https://www.youtube.com/embed/placeholder,,math;geometry
MATH-NSI-U3-L5,MATH-NSI,3,Geometry,5,"Itilize Rapò Trigonometrik – Using sin, cos, tan to calculate side lengths in right triangles (given one side and one ac",Master key concepts,English,12,https://www.youtube.com/embed/placeholder,,math;geometry
MATH-NSI-U3-L6,MATH-NSI,3,Geometry,6,Lesson Titles (6–10 min each):,Master key concepts,English,12,https://www.youtube.com/embed/placeholder,,math;geometry
MATH-NSI-U3-L7,MATH-NSI,3,Geometry,7,Lesson Titles (6–10 min each):,Master key concepts,English,12,https://www.youtube.com/embed/placeholder,,math;geometry
MATH-NSI-U3-L8,MATH-NSI,3,Geometry,8,Pwopriyete Ang Enskri – All inscribed angles intercepting the same arc are equal; inscribed angle in a semicircle is a r,Master key concepts,English,12,https://www.youtube.com/embed/placeholder,,math;geometry
MATH-NSI-U3-L9,MATH-NSI,3,Geometry,9,"Rapò Trigonométrik Ang Espesyal – Derive sin, cos, tan of 30°, 45°, 60° by special triangles (equilateral, isosceles) an","Understand and state the definitions of sinus, kosinus, tengant for an acute angle in a right triangle: $\sin \theta = \frac{\text{opoze}}{\text{ipoteniz}}$, $\cos \theta = \frac{\text{adjacent}}{\tex",English,18,https://www.youtube.com/embed/placeholder,,math;geometry
MATH-NSI-U3-L10,MATH-NSI,3,Geometry,10,Twouve Ang ak Tab Trigonométrik – Finding an angle given a ratio (using tables or calculator for inverse trig) and knowi,Master key concepts,English,12,https://www.youtube.com/embed/placeholder,,math;geometry
MATH-NSI-U3-L11,MATH-NSI,3,Geometry,11,"Vokabilè Sikonferans – Sèk ak Ang – Circle terminology in Creole/French: center, radius (reyon), diameter (dyamèt), arc ",Master key concepts,English,12,https://www.youtube.com/embed/placeholder,,math;geometry
MATH-NSI-U4-L1,MATH-NSI,4,Statistics and Data,1,Analiz ak entèpretasyon – Interpreting real statistics examples: draw conclusions from a given data set or chart (e.g. f,"Understand basic terminology: popilasyon, echantilon (echantiyon), varyab (statistical variable), and types of variables: qualitative (katégorik) vs quantitative (nimerik) discrete or continuous.",English,18,https://www.youtube.com/embed/placeholder,,math;statistics-and-data
MATH-NSI-U4-L2,MATH-NSI,4,Statistics and Data,2,Antre nan NoTyon Pwobabilite (Opsyonèl) – (Optional intro) Using counting to compute simple probabilities (favorable/tot,Master key concepts,English,12,https://www.youtube.com/embed/placeholder,,math;statistics-and-data
MATH-NSI-U4-L3,MATH-NSI,4,Statistics and Data,3,"Egzanp Dénombrement (Kat, Zo, Nimewo) – Practical counting examples: counting outcomes of card draws, dice rolls, formin",Master key concepts,English,12,https://www.youtube.com/embed/placeholder,,math;statistics-and-data
MATH-NSI-U4-L4,MATH-NSI,4,Statistics and Data,4,"Gaye Done ak Frekans – Understanding range; frequency distributions, cumulative frequency (frekans sume); grouping data ",Master key concepts,English,12,https://www.youtube.com/embed/placeholder,,math;statistics-and-data
MATH-NSI-U4-L5,MATH-NSI,4,Statistics and Data,5,Kolekte ak Òganize Done – Defining population vs sample; types of data (qualitative vs quantitative); how to collect and,Master key concepts,English,12,https://www.youtube.com/embed/placeholder,,math;statistics-and-data
MATH-NSI-U4-L6,MATH-NSI,4,Statistics and Data,6,Lesson Titles (6–10 min each):,Master key concepts,English,12,https://www.youtube.com/embed/placeholder,,math;statistics-and-data
MATH-NSI-U4-L7,MATH-NSI,4,Statistics and Data,7,Lesson Titles (6–10 min each):,Master key concepts,English,12,https://www.youtube.com/embed/placeholder,,math;statistics-and-data
MATH-NSI-U4-L8,MATH-NSI,4,Statistics and Data,8,"Metòd Konte – Dyagram ak Tablo – Using tree diagrams, tables, or systematic lists to count outcomes in multi-step situat",Master key concepts,English,12,https://www.youtube.com/embed/placeholder,,math;statistics-and-data
MATH-NSI-U4-L9,MATH-NSI,4,Statistics and Data,9,"Mwayèn, Mod, Medyàn – Calculating and interpreting mean (mwayèn), mode (mod), and median (medyàn) of a data set .",Master key concepts,English,12,https://www.youtube.com/embed/placeholder,,math;statistics-and-data
MATH-NSI-U4-L10,MATH-NSI,4,Statistics and Data,10,"Pratik ak Devwa Rechèch – Hands-on activities: counting with objects (e.g. colored balls, arranging people in line) and ","Master systematic listing: be able to enumerate all possible outcomes in small sample spaces using organized methods (trees, grids) .",English,18,https://www.youtube.com/embed/placeholder,,math;statistics-and-data
MATH-NSI-U4-L11,MATH-NSI,4,Statistics and Data,11,Prensip Miltiplikatif (Fason Konbine) – Fundamental counting principle: if one task can be done in m ways and another in,Master key concepts,English,12,https://www.youtube.com/embed/placeholder,,math;statistics-and-data
MATH-NSI-U4-L12,MATH-NSI,4,Statistics and Data,12,"Reprezantasyon Graf (Tablo, Dyagram, Istogram) – Creating and reading statistical charts: bar charts, pie charts, line p",Master key concepts,English,12,https://www.youtube.com/embed/placeholder,,math;statistics-and-data
MATH-NSI-U5-L1,MATH-NSI,5,Problem Solving and Integration,1,"Egzekite Plan an – Carrying out the plan step by step; perseverance, checking each step, and adjusting if needed .",Master key concepts,English,12,https://www.youtube.com/embed/placeholder,,math;problem-solving-and-integration
MATH-NSI-U5-L2,MATH-NSI,5,Problem Solving and Integration,2,"Fè yon Plan (Deviz yon Plan) – Strategies for devising a plan: find a pattern, make a simpler case, draw a diagram, crea",Master key concepts,English,12,https://www.youtube.com/embed/placeholder,,math;problem-solving-and-integration
MATH-NSI-U5-L3,MATH-NSI,5,Problem Solving and Integration,3,"Konprann Pwoblèm nan – Emphasizing reading carefully, identifying given data and what is asked; rephrasing the problem i",Master key concepts,English,12,https://www.youtube.com/embed/placeholder,,math;problem-solving-and-integration
MATH-NSI-U5-L4,MATH-NSI,5,Problem Solving and Integration,4,Lesson Titles (6–10 min each):,Master key concepts,English,12,https://www.youtube.com/embed/placeholder,,math;problem-solving-and-integration
MATH-NSI-U5-L5,MATH-NSI,5,Problem Solving and Integration,5,Pratik – Pwoblèm Makak – Solve a non-routine problem together (e.g. a puzzle or word problem that integrates arithmetic/,"Learn a structured approach to problem solving (George Pólya’s four steps): 1) Understand the problem, 2) Devise a plan, 3) Carry out the plan, 4) Look back and verify  .",English,18,https://www.youtube.com/embed/placeholder,,math;problem-solving-and-integration
MATH-NSI-U5-L6,MATH-NSI,5,Problem Solving and Integration,6,Verifye ak Reflechi (Gade Dèyè) – Checking the solution’s correctness and reflecting on the method (could it be done ano,Master key concepts,English,12,https://www.youtube.com/embed/placeholder,,math;problem-solving-and-integration
MATH-NSI-U1-L11,MATH-NSI,1,Unit Circle or Identity Check: Provide a few values to plug in $\sin^2 θ + \cos^,11,"Aplikasyon Thalès – Kalkil Longè – Using Thales’ theorem to solve for unknown lengths (e.g. in intercept problems, shado",Master key concepts,English,12,https://www.youtube.com/embed/placeholder,,math;unit-circle-or-identity-check:-provide-a-few-values-to-plug-in-$\sin^2-θ-+-\cos^2-θ$-and-see-if
MATH-NSI-U2-L27,MATH-NSI,2,Unit Circle or Identity Check: Provide a few values to plug in $\sin^2 θ + \cos^,27,"Aplikasyon Vektè – Solving problems with vectors: proving midpoint properties (parallelogram midpoint theorem), displace",Understand the concept of a vector as a quantity with magnitude (length) and direction.,English,18,https://www.youtube.com/embed/placeholder,,math;unit-circle-or-identity-check:-provide-a-few-values-to-plug-in-$\sin^2-θ-+-\cos^2-θ$-and-see-if
MATH-NSI-U3-L12,MATH-NSI,3,Unit Circle or Identity Check: Provide a few values to plug in $\sin^2 θ + \cos^,12,"Kolinearite, Ortogonalite, Vektè Direksyon – Conditions for collinear vectors (one is scalar multiple of another) and or",Master key concepts,English,12,https://www.youtube.com/embed/placeholder,,math;unit-circle-or-identity-check:-provide-a-few-values-to-plug-in-$\sin^2-θ-+-\cos^2-θ$-and-see-if
MATH-NSI-U4-L13,MATH-NSI,4,Unit Circle or Identity Check: Provide a few values to plug in $\sin^2 θ + \cos^,13,Konbinezon Transfòmasyon – Composition of two symmetries and translations: e.g. two reflections in parallel lines = tran,Master key concepts,English,12,https://www.youtube.com/embed/placeholder,,math;unit-circle-or-identity-check:-provide-a-few-values-to-plug-in-$\sin^2-θ-+-\cos^2-θ$-and-see-if
MATH-NSI-U5-L7,MATH-NSI,5,Unit Circle or Identity Check: Provide a few values to plug in $\sin^2 θ + \cos^,7,Konstruksyon ak Teyorèm Thalès – Constructing a parallel line through a point using proportional segments (applying Thal,"State Thales’ Theorem in own words (Creole): “Si yon liy paralèl ak yon kote yon triyang koupe de lòt kote yo, li separe yo an pati pwopòsyonèl.",English,18,https://www.youtube.com/embed/placeholder,,math;unit-circle-or-identity-check:-provide-a-few-values-to-plug-in-$\sin^2-θ-+-\cos^2-θ$-and-see-if
MATH-NSI-U6-L1,MATH-NSI,6,Unit Circle or Identity Check: Provide a few values to plug in $\sin^2 θ + \cos^,1,"Koòdone yon Vektè nan Plan – Using coordinates: if A(x1,y1) and B(x2,y2), then →AB = (x2–x1,  y2–y1) . Calculating vecto",Master key concepts,English,12,https://www.youtube.com/embed/placeholder,,math;unit-circle-or-identity-check:-provide-a-few-values-to-plug-in-$\sin^2-θ-+-\cos^2-θ$-and-see-if
MATH-NSI-U7-L1,MATH-NSI,7,Unit Circle or Identity Check: Provide a few values to plug in $\sin^2 θ + \cos^,1,Lesson Titles (6–10 min each):,Master key concepts,English,12,https://www.youtube.com/embed/placeholder,,math;unit-circle-or-identity-check:-provide-a-few-values-to-plug-in-$\sin^2-θ-+-\cos^2-θ$-and-see-if
MATH-NSI-U8-L1,MATH-NSI,8,Unit Circle or Identity Check: Provide a few values to plug in $\sin^2 θ + \cos^,1,Lesson Titles (6–10 min each):,Master key concepts,English,12,https://www.youtube.com/embed/placeholder,,math;unit-circle-or-identity-check:-provide-a-few-values-to-plug-in-$\sin^2-θ-+-\cos^2-θ$-and-see-if
MATH-NSI-U9-L1,MATH-NSI,9,Unit Circle or Identity Check: Provide a few values to plug in $\sin^2 θ + \cos^,1,Lesson Titles (6–10 min each):,Master key concepts,English,12,https://www.youtube.com/embed/placeholder,,math;unit-circle-or-identity-check:-provide-a-few-values-to-plug-in-$\sin^2-θ-+-\cos^2-θ$-and-see-if
MATH-NSI-U10-L1,MATH-NSI,10,Unit Circle or Identity Check: Provide a few values to plug in $\sin^2 θ + \cos^,1,"Notyon Vektè – Definisyon ak Reprezantasyon – What is a vector? Representing vectors with direction, sense, and magnitud",Master key concepts,English,12,https://www.youtube.com/embed/placeholder,,math;unit-circle-or-identity-check:-provide-a-few-values-to-plug-in-$\sin^2-θ-+-\cos^2-θ$-and-see-if
MATH-NSI-U11-L1,MATH-NSI,11,Unit Circle or Identity Check: Provide a few values to plug in $\sin^2 θ + \cos^,1,"Pratik Transfòmasyon – Applying transformations to solve problems: finding images of shapes, symmetry in figures, using ","Understand the definitions of basic geometric transformations: symétrie ortogonal (refleksyon aksyal) across a line, symétrie centrale about a point, translasyon by a vector, wotasyon (rotation) about",English,18,https://www.youtube.com/embed/placeholder,,math;unit-circle-or-identity-check:-provide-a-few-values-to-plug-in-$\sin^2-θ-+-\cos^2-θ$-and-see-if
MATH-NSI-U12-L1,MATH-NSI,12,Unit Circle or Identity Check: Provide a few values to plug in $\sin^2 θ + \cos^,1,"Pwoblèm Pratik ak SimiLaritè – Real-world examples: e.g. map scales, indirect measurements (height via shadow, etc.), us",Master key concepts,English,12,https://www.youtube.com/embed/placeholder,,math;unit-circle-or-identity-check:-provide-a-few-values-to-plug-in-$\sin^2-θ-+-\cos^2-θ$-and-see-if
MATH-NSI-U13-L1,MATH-NSI,13,Unit Circle or Identity Check: Provide a few values to plug in $\sin^2 θ + \cos^,1,Symétrie Ortogonal (Aksyal) ak Symétrie Santral – Reflecting a point or figure across a line (axis of symmetry) and thro,Master key concepts,English,12,https://www.youtube.com/embed/placeholder,,math;unit-circle-or-identity-check:-provide-a-few-values-to-plug-in-$\sin^2-θ-+-\cos^2-θ$-and-see-if
MATH-NSI-U14-L1,MATH-NSI,14,Unit Circle or Identity Check: Provide a few values to plug in $\sin^2 θ + \cos^,1,Sòm Vektè ak Miltiplikasyon pa Eskalè – Graphical (parallelogram rule) and algebraic addition of vectors; multiplying a ,Master key concepts,English,12,https://www.youtube.com/embed/placeholder,,math;unit-circle-or-identity-check:-provide-a-few-values-to-plug-in-$\sin^2-θ-+-\cos^2-θ$-and-see-if
MATH-NSI-U15-L1,MATH-NSI,15,Unit Circle or Identity Check: Provide a few values to plug in $\sin^2 θ + \cos^,1,Teorem Thalès (Liy Paralèl nan Triyang) – Statement of Thales’ Theorem: a line parallel to one side of a triangle divide,Master key concepts,English,12,https://www.youtube.com/embed/placeholder,,math;unit-circle-or-identity-check:-provide-a-few-values-to-plug-in-$\sin^2-θ-+-\cos^2-θ$-and-see-if
MATH-NSI-U16-L1,MATH-NSI,16,Unit Circle or Identity Check: Provide a few values to plug in $\sin^2 θ + \cos^,1,Translasyon (Translasyon) Vektoryèl – Translating points by a given vector; that it preserves orientation and distance (,Master key concepts,English,12,https://www.youtube.com/embed/placeholder,,math;unit-circle-or-identity-check:-provide-a-few-values-to-plug-in-$\sin^2-θ-+-\cos^2-θ$-and-see-if
MATH-NSI-U17-L1,MATH-NSI,17,Unit Circle or Identity Check: Provide a few values to plug in $\sin^2 θ + \cos^,1,"Triyang Semblab (Triyang Konru vs Semblab) – Criteria for triangle similarity (AAA, etc.), difference between congruence",Master key concepts,English,12,https://www.youtube.com/embed/placeholder,,math;unit-circle-or-identity-check:-provide-a-few-values-to-plug-in-$\sin^2-θ-+-\cos^2-θ$-and-see-if
MATH-NSI-U18-L1,MATH-NSI,18,Unit Circle or Identity Check: Provide a few values to plug in $\sin^2 θ + \cos^,1,Wotasyon (Rotation) ak Omoteti (Homothétie) – Rotating figures about a center by a given angle; scaling figures (homothe,Master key concepts,English,12,https://www.youtube.com/embed/placeholder,,math;unit-circle-or-identity-check:-provide-a-few-values-to-plug-in-$\sin^2-θ-+-\cos^2-θ$-and-see-if
MATH-NSI-U19-L1,MATH-NSI,19,Unit Rates and Taux: Explain taux as a special ratio. Practice converting compou,1,"Aplikasyon Pwisans ak Rasin – Real-world and numerical applications: scientific notation for large/small numbers, using ","Understand and use the notation $a^n$ (pwisans n): repeated multiplication for positive n, reciprocal for negative n (e.",English,18,https://www.youtube.com/embed/placeholder,,math;unit-rates-and-taux:-explain-taux-as-a-special-ratio.-practice-converting-compound-units-into-u
MATH-NSI-U20-L1,MATH-NSI,20,Unit Rates and Taux: Explain taux as a special ratio. Practice converting compou,1,Lesson Titles (6–10 min each):,Master key concepts,English,12,https://www.youtube.com/embed/placeholder,,math;unit-rates-and-taux:-explain-taux-as-a-special-ratio.-practice-converting-compound-units-into-u
MATH-NSI-U21-L1,MATH-NSI,21,Unit Rates and Taux: Explain taux as a special ratio. Practice converting compou,1,"Operasyon ak Radikal, Rasyonalizasyon – Adding, subtracting, multiplying radicals; expressing results in simplest radica",Master key concepts,English,12,https://www.youtube.com/embed/placeholder,,math;unit-rates-and-taux:-explain-taux-as-a-special-ratio.-practice-converting-compound-units-into-u
MATH-NSI-U22-L1,MATH-NSI,22,Unit Rates and Taux: Explain taux as a special ratio. Practice converting compou,1,"Pwisans yon Nonm – Ekspozan Entye – Understanding exponents (positive, negative, zero) with integer exponents; laws of e",Master key concepts,English,12,https://www.youtube.com/embed/placeholder,,math;unit-rates-and-taux:-explain-taux-as-a-special-ratio.-practice-converting-compound-units-into-u
MATH-NSI-U23-L1,MATH-NSI,23,Unit Rates and Taux: Explain taux as a special ratio. Practice converting compou,1,"Rasin Kare ak Radikal (√) – Defining the square root of a positive number, simplifying radical expressions, and properti",Master key concepts,English,12,https://www.youtube.com/embed/placeholder,,math;unit-rates-and-taux:-explain-taux-as-a-special-ratio.-practice-converting-compound-units-into-u
MATH-NSII-U1-L1,MATH-NSII,1,,1,“Deskripsyon done ak entèpretasyon”,Interpret summary statistics and simple probability via frequencies.,English,12,https://www.youtube.com/embed/placeholder,,math;
MATH-NSII-U2-L1,MATH-NSII,2,,1,“Ekwasyon dezyèm degre”,Solve ekwasyon karré (quadratic equations) using factoring or the discriminant.,English,12,https://www.youtube.com/embed/placeholder,,math;
MATH-NSII-U3-L1,MATH-NSII,3,,1,“Entèval ak encadrement”,Define an entèval of real numbers and use encadrement (bounds) to approximate a real number.,English,12,https://www.youtube.com/embed/placeholder,,math;
MATH-NSII-U4-L1,MATH-NSII,4,,1,“Etid fonksyon polinom degre 2”,"Extend the study to any fonksyon polinom of degree 2 (general quadratic): domain, zero points, monotonicity, extremum.",English,12,https://www.youtube.com/embed/placeholder,,math;
MATH-NSII-U5-L1,MATH-NSII,5,,1,“Faktorizasyon ak devlope”,Learn faktorizasyon of polynomials and expand (devlope) expressions.,English,12,https://www.youtube.com/embed/placeholder,,math;
MATH-NSII-U6-L1,MATH-NSII,6,,1,“Fonksyon karré ak envès”,Analyze the fonksyon karré $f(x)=x^2$ and the fonksyon envès $g(x)=1/x$: their graphs and variation.,English,12,https://www.youtube.com/embed/placeholder,,math;
MATH-NSII-U7-L1,MATH-NSII,7,,1,“Fonksyon lineyè ak afine”,"Study fonksyon lineyè ($f(x)=ax$) and fonksyon afine ($f(x)=ax+b$): their formulas, graphs, and monotonicity.",English,12,https://www.youtube.com/embed/placeholder,,math;
MATH-NSII-U8-L1,MATH-NSII,8,,1,“Inegalite ak tablo siy”,Solve inegalite lineyè ak karré (linear and quadratic inequalities) using sign charts.,English,12,https://www.youtube.com/embed/placeholder,,math;
MATH-NSII-U9-L1,MATH-NSII,9,,1,“Karakteristik mwayèn ak medyàn”,"Compute and interpret mwayèn aritmetik (mean), medyàn (median) and kwatil (quartiles).",English,12,https://www.youtube.com/embed/placeholder,,math;
MATH-NSII-U10-L1,MATH-NSII,10,,1,“Ki sa yon fonksyon ye? (Imèj ak antècedan)”,"Define a fonksyon (function), its domèn (domain) and imaj (range/values), and identify an antècedan (pre-image).",English,12,https://www.youtube.com/embed/placeholder,,math;
MATH-NSII-U11-L1,MATH-NSII,11,,1,“Koleksyon ak reprezantasyon done”,"Organize raw data into tables and graphs (nuaj de pwen, istogram, ogiv).",English,12,https://www.youtube.com/embed/placeholder,,math;
MATH-NSII-U12-L1,MATH-NSII,12,,1,“Kowòdone ak distans nan plan”,Use a repè kowòdone (coordinate grid) and compute distance between points.,English,12,https://www.youtube.com/embed/placeholder,,math;
MATH-NSII-U13-L1,MATH-NSII,13,,1,"“Majorant, Minorant, ak apwoksimasyon”",Use majorant and minorant to bound expressions and approximate calculations.,English,12,https://www.youtube.com/embed/placeholder,,math;
MATH-NSII-U14-L1,MATH-NSII,14,,1,“Matris ak detèminan”,"Perform basic operasyon sou matris (matrix operations): addition, scalar mult.",English,12,https://www.youtube.com/embed/placeholder,,math;
MATH-NSII-U15-L1,MATH-NSII,15,,1,“Mwayen yon segman (Midpoint)”,Calculate the mwayen (midpoint) of a segment and apply parallelogram properties.,English,12,https://www.youtube.com/embed/placeholder,,math;
MATH-NSII-U16-L1,MATH-NSII,16,,1,“Nimewo rasyonèl ak operasyon”,"Review nonm rasyonèl (fractions, decimals) and perform basic operations (adisyon, soustraksyon, miltiplikasyon, divizyon).",English,12,https://www.youtube.com/embed/placeholder,,math;
MATH-NSII-U17-L1,MATH-NSII,17,,1,“Pwopriyete jeyometrik ak kowòdone”,"Apply geometric properties (triangles, quadrilaterals) using coordinates and vectors.",English,12,https://www.youtube.com/embed/placeholder,,math;
MATH-NSII-U18-L1,MATH-NSII,18,,1,“Sistèm ekwasyon lineyè”,Solve sistèm ekwasyon lineyè (systems of linear equations) in 2 variables (ℝ²).,English,12,https://www.youtube.com/embed/placeholder,,math;
MATH-NSII-U19-L1,MATH-NSII,19,,1,“Valè absoli ak distans”,Understand the valè absoli (absolute value) of a number and compute the distance between two points on the number line.,English,12,https://www.youtube.com/embed/placeholder,,math;
MATH-NSII-U20-L1,MATH-NSII,20,,1,“Vektè ak tradiksyon”,Understand vektè (vector) in the plane and perform vector addition/scalar multiplication.,English,12,https://www.youtube.com/embed/placeholder,,math;
MATH-NSII-U21-L1,MATH-NSII,21,,1,“Échantillonnaj ak simulasyon”,Introduce échantillonnage (sampling) and simple computer (tableur) simulations using logical functions (conceptual).,English,15,https://www.youtube.com/embed/placeholder,,math;
MATH-NSIII-U1-L1,MATH-NSIII,1,Arithmetic,1,“Antye ak Nombres Rasyonèl” (Entiers & Nombres rationnels):,"Students will review number sets (integers non antye, rational numbers nombres rasyonèl), and practice addition (adisyon), subtraction (soustraksyon), multiplication (miltiplikasyon) and division (div",English,12,https://www.youtube.com/embed/placeholder,,math;arithmetic
MATH-NSIII-U1-L2,MATH-NSIII,1,Arithmetic,2,“Pouvwa ak Rasin Karé” (Powers & Square Roots):,"Understand exponents (ekspozan), compute powers (pouvwa), and find square roots (rasin karé).",English,12,https://www.youtube.com/embed/placeholder,,math;arithmetic
MATH-NSIII-U1-L3,MATH-NSIII,1,Arithmetic,3,“Pwopòsyon ak Pousantaj” (Ratios & Percents):,Solve problems with ratios (rapò) and percentages (pousantaj).,English,12,https://www.youtube.com/embed/placeholder,,math;arithmetic
MATH-NSIII-U2-L1,MATH-NSIII,2,Algebra,1,“Proprietés & Aplikasyon Fonksyon Kwadratik” (Quadratic Function Properties & Applications):,"Interpret parameters of $ax^2+bx+c$, vertex, axis of symmetry, and relate coefficients to vertex and roots.",English,12,https://www.youtube.com/embed/placeholder,,math;algebra
MATH-NSIII-U2-L2,MATH-NSIII,2,Algebra,2,“Revizyon Ekwasyon Lineyè ak Fonksyon” (Linear Equations & Functions):,Quick review of solving one-step and two-step linear equations.,English,12,https://www.youtube.com/embed/placeholder,,math;algebra
MATH-NSIII-U2-L3,MATH-NSIII,2,Algebra,3,“Rezolisyon Ekwasyon Dezyèm Degrè” (Solving Quadratic Equations):,"Solve $ax^2 + bx + c = 0$ by factoring, formula or graphically.",English,12,https://www.youtube.com/embed/placeholder,,math;algebra
MATH-NSIII-U2-L4,MATH-NSIII,2,Algebra,4,“Trinòm de Degrè 2 – Fòm Kanonik ak Diskriminan” (Quadratic Trinomials: Vertex Form & Discriminant):,Identify a quadratic trinomial (trinòm de degre 2).,English,12,https://www.youtube.com/embed/placeholder,,math;algebra
MATH-NSIII-U3-L1,MATH-NSIII,3,Geometry,1,"“Fòm Fondamantal: Pwen, Liy, Ang” (Basic Figures: Points, Lines, Angles):","Recall basic geometry concepts: points, lines, planes, and measure angles in triangles.",English,12,https://www.youtube.com/embed/placeholder,,math;geometry
MATH-NSIII-U3-L2,MATH-NSIII,3,Geometry,2,“Jeyometri Katesyen: Liy nan Plan” (Coordinate Geometry: Lines on the Plane):,"Plot points on Cartesian plane, find distance between points, slope of line, and equation of a line.",English,12,https://www.youtube.com/embed/placeholder,,math;geometry
MATH-NSIII-U3-L3,MATH-NSIII,3,Geometry,3,“Teyorèm Pythagoras & Sèk” (Pythagorean Theorem & Circles):,Apply Pythagorean theorem in right triangles.,English,12,https://www.youtube.com/embed/placeholder,,math;geometry
MATH-NSIII-U4-L1,MATH-NSIII,4,Analysis,1,“Derivasyon de Fonksyon” (Function Differentiation):,Define derivative of elementary functions.,English,12,https://www.youtube.com/embed/placeholder,,math;analysis
MATH-NSIII-U4-L2,MATH-NSIII,4,Analysis,2,“Fonksyon Referans ak Parite” (Reference Functions & Parity):,"Study parity of basic reference functions: square $f(x)=x^2$, inverse $f(x)=1/x$, and square root $f(x)=\sqrt{x}$.",English,12,https://www.youtube.com/embed/placeholder,,math;analysis
MATH-NSIII-U4-L3,MATH-NSIII,4,Analysis,3,“Limit ak Kontinite” (Limits and Continuity):,"Calculate limits of basic functions at infinity or a point, and understand continuity at a point.",English,12,https://www.youtube.com/embed/placeholder,,math;analysis
MATH-NSIII-U4-L4,MATH-NSIII,4,Analysis,4,“Sekans Nimerik: Aritmetik ak Jeyometrik” (Numeric Sequences: Arithmetic & Geometric):,"Define a sequence (sikwans), find the nth term.",English,12,https://www.youtube.com/embed/placeholder,,math;analysis
MATH-NSIII-U4-L5,MATH-NSIII,4,Analysis,5,“Transformasyon Fonksyon / Fonksyon Asociées” (Function Transformations):,"Understand the effect of scaling, shifts, and absolute-value on graphs.",English,12,https://www.youtube.com/embed/placeholder,,math;analysis
MATH-NSIII-U4-L6,MATH-NSIII,4,Analysis,6,“Varyasyon ak Ekstremòm” (Monotonicity & Extremum):,"Use the derivative sign to determine where a function increases or decreases, and find local maximum or minimum (extremum).",English,12,https://www.youtube.com/embed/placeholder,,math;analysis
MATH-NSIII-U5-L1,MATH-NSIII,5,Statistics / Probability,1,"“Ekart, Varians, Ecart-Type, Kwartyèl” (Dispersion: Range, Variance, Std. Dev, Quartiles):","Calculate range (etandè), quartiles ($Q_1,Q_2,Q_3$), variance (varians) and standard deviation (écart-type) for a data series.",English,12,https://www.youtube.com/embed/placeholder,,math;statistics-/-probability
MATH-NSIII-U5-L2,MATH-NSIII,5,Statistics / Probability,2,“Kombinatoire ak Pwobabilite” (Combinatorics & Probability Basics):,"Count outcomes with dénombrement: arrangements, permutations, combinations.",English,15,https://www.youtube.com/embed/placeholder,,math;statistics-/-probability
MATH-NSIII-U5-L3,MATH-NSIII,5,Statistics / Probability,3,"“Moyèn, Medyàn, Mod” (Mean, Median, Mode):",Compute measures of central tendency for quantitative data.,English,12,https://www.youtube.com/embed/placeholder,,math;statistics-/-probability
MATH-NSIII-U5-L4,MATH-NSIII,5,Statistics / Probability,4,“Statistiques Dezkriptif: Done ak Graf” (Descriptive Statistics: Data & Graphs):,Interpret data series (discrete/continuous quantitative and qualitative).,English,12,https://www.youtube.com/embed/placeholder,,math;statistics-/-probability
PHYS-NSII-U1-L1,PHYS-NSII,1,Chapter 1: Light and Optics,1,Dispèsyon Limyè ak Lakansyèl (Dispersion of Light and the Rainbow),Understand that white light is composed of many colors (wavelengths) that can be separated.,English,18,https://www.youtube.com/embed/placeholder,,physics;chapter-1:-light-and-optics
PHYS-NSII-U2-L1,PHYS-NSII,2,Chapter 1: Light and Optics,1,Entwodiksyon a Limyè ak Refleksyon (Introduction to Light and Reflection),Understand that light propagates in straight lines in homogenous media.,English,15,https://www.youtube.com/embed/placeholder,,physics;chapter-1:-light-and-optics
PHYS-NSII-U3-L1,PHYS-NSII,3,Chapter 1: Light and Optics,1,Lantiy ak Enstriman Optik (Lenses and Optical Instruments),Distinguish between lantiy konvèjan (converging/convex lens) and lantiy divèjan (diverging/concave lens).,English,18,https://www.youtube.com/embed/placeholder,,physics;chapter-1:-light-and-optics
PHYS-NSII-U4-L1,PHYS-NSII,4,Chapter 1: Light and Optics,1,Refleksyon Entèn Total ak Fenomèn li yo (Total Internal Reflection and Its Phenomena),Explain what refleksyon entèn total (total internal reflection) is and when it occurs.,English,18,https://www.youtube.com/embed/placeholder,,physics;chapter-1:-light-and-optics
PHYS-NSII-U5-L1,PHYS-NSII,5,Chapter 1: Light and Optics,1,Refraksyon Limyè – Limyè Ki Fèt Kase (Light Refraction – Bending of Light),Define refraksyon (refraction) as the bending of light when it passes from one medium to another .,English,18,https://www.youtube.com/embed/placeholder,,physics;chapter-1:-light-and-optics
PHYS-NSII-U6-L1,PHYS-NSII,6,Chapter 2: Electrical Circuits,1,Efè Joule ak Pouvwa Elektwik (Joule’s Effect and Electric Power),"Describe efè Joule – the heating effect of electric current (why resistors, wires, appliances warm up when current passes).",English,18,https://www.youtube.com/embed/placeholder,,physics;chapter-2:-electrical-circuits
PHYS-NSII-U7-L1,PHYS-NSII,7,Chapter 2: Electrical Circuits,1,Konpozan ak Dyagram Sikwi (Circuit Components and Diagrams),"Identify basic components of an electric circuit: pile/batri (battery), fil elektrik (wires), anpoul (bulb/lamp), switch (interrupteur), rezistans (resistor), etc.",English,18,https://www.youtube.com/embed/placeholder,,physics;chapter-2:-electrical-circuits
PHYS-NSII-U8-L1,PHYS-NSII,8,Chapter 2: Electrical Circuits,1,"Lwa Ohm – Relasyon ant Vòltaj, Kouran, ak Rezistans (Ohm’s Law: Relationship between Voltage, Current, and Resistance)",State Ohm’s Law (Lwa Ohm): the current through a conductor is directly proportional to the voltage across it and inversely proportional to the resistance .,English,18,https://www.youtube.com/embed/placeholder,,physics;chapter-2:-electrical-circuits
PHYS-NSII-U9-L1,PHYS-NSII,9,Chapter 2: Electrical Circuits,1,Sekirite ak Aplikasyon Pratik (Electrical Safety and Practical Applications),Recognize common applications of electric circuits and the importance of circuit design (series vs parallel) in real life (e.,English,18,https://www.youtube.com/embed/placeholder,,physics;chapter-2:-electrical-circuits
PHYS-NSII-U10-L1,PHYS-NSII,10,Chapter 2: Electrical Circuits,1,Seri ak Paralèl – Konparezon Sikwi (Series vs Parallel Circuits),Distinguish between konfigirasyon an seri (series configuration) and an paralèl (parallel configuration) for circuit elements.,English,18,https://www.youtube.com/embed/placeholder,,physics;chapter-2:-electrical-circuits
PHYS-NSII-U11-L1,PHYS-NSII,11,Chapter 3: Electrostatics,1,Chaj Elektrik ak Estrikti Atòm (Electric Charge and Atomic Structure),Recall the structure of an atom: nucleus (protons + neutrons) and electrons.,English,18,https://www.youtube.com/embed/placeholder,,physics;chapter-3:-electrostatics
PHYS-NSII-U12-L1,PHYS-NSII,12,Chapter 3: Electrostatics,1,"Elektrizasyon – Fwotman, Kontak, Endiksyon (Charging Methods: Friction, Conduction, Induction)",Demonstrate charging by friction (elektrizasyon pa fwotman): how rubbing two different materials can transfer electrons from one to the other (triboelectric effect).,English,18,https://www.youtube.com/embed/placeholder,,physics;chapter-3:-electrostatics
PHYS-NSII-U13-L1,PHYS-NSII,13,Chapter 3: Electrostatics,1,"Fenomèn Elektwostatik nan Lavi – Zeklè, Tè ak Aplikasyon (Electrostatic Phenomena – Lightning, Grounding, Applications)","Explain how zeklè (la foudre) lightning occurs as a massive electrostatic discharge between cloud and ground (or between clouds), caused by charge separation in storm clouds.",English,18,https://www.youtube.com/embed/placeholder,,physics;chapter-3:-electrostatics
PHYS-NSII-U14-L1,PHYS-NSII,14,Chapter 3: Electrostatics,1,Lalwa Coulomb ak Fòs Elektwostatik (Coulomb’s Law and Electrostatic Force),State Coulomb’s Law: the electrostatic force F between two point charges is proportional to the product of their charges and inversely proportional to the square of the distance between them (F ∝ Q₁·Q,English,18,https://www.youtube.com/embed/placeholder,,physics;chapter-3:-electrostatics
PHYS-NSII-U15-L1,PHYS-NSII,15,Chapter 4: Magnetism,1,Chan Mayetik ak Liy Fòs (Magnetic Field and Field Lines),Describe a chan mayetik (champ magnétique) as the region around a magnet where magnetic forces can be felt.,English,18,https://www.youtube.com/embed/placeholder,,physics;chapter-4:-magnetism
PHYS-NSII-U16-L1,PHYS-NSII,16,Chapter 4: Magnetism,1,Elektwomayetis – Fè yon Elektwomayet ak Aplikasyon (Electromagnetism – Making an Electromagnet and Applications),Demonstrate that an electric current creates a magnetic field (Oersted’s discovery: current in a wire deflects a compass needle).,English,18,https://www.youtube.com/embed/placeholder,,physics;chapter-4:-magnetism
PHYS-NSII-U17-L1,PHYS-NSII,17,Chapter 4: Magnetism,1,Latè kòm yon Gwo Mayet – Konpa ak Deklinasyon (Earth as a Giant Magnet – Compass and Declination),Explain that Earth has a magnetic field similar to that of a bar magnet tilted relative to the rotation axis.,English,18,https://www.youtube.com/embed/placeholder,,physics;chapter-4:-magnetism
PHYS-NSII-U18-L1,PHYS-NSII,18,Chapter 4: Magnetism,1,Pwopriyete Mayet – Pòl Nò ak Pòl Sid (Magnet Properties – North and South Poles),Identify the two poles of a magnet (pòl nò and pòl sid) and understand that they always come in pairs.,English,18,https://www.youtube.com/embed/placeholder,,physics;chapter-4:-magnetism
PHYS-NSII-U19-L1,PHYS-NSII,19,Chapter 5: Energy and Transformations,1,Enèji Mekanik – Enèji Sinetik ak Potansyèl (Mechanical Energy – Kinetic and Potential Energy),Define enèji sinetik (énergie cinétique) as the energy of motion.,English,18,https://www.youtube.com/embed/placeholder,,physics;chapter-5:-energy-and-transformations
PHYS-NSII-U20-L1,PHYS-NSII,20,Chapter 5: Energy and Transformations,1,Sous Enèji ak Itilizasyon Dirab (Energy Sources and Sustainable Use),"Identify various sous enèji (sources of energy) we use: fossil fuels (coal, oil, natural gas), renewable sources (solar, wind, hydro, geothermal, biomass), and nuclear.",English,18,https://www.youtube.com/embed/placeholder,,physics;chapter-5:-energy-and-transformations
PHYS-NSII-U21-L1,PHYS-NSII,21,Chapter 5: Energy and Transformations,1,Transfòmasyon Enèji ak Konsèvasyon (Energy Transformation and Conservation),"Reinforce the principle of konsèvasyon enèji: energy cannot be created or destroyed, only transformed from one form to another or transferred between objects .",English,18,https://www.youtube.com/embed/placeholder,,physics;chapter-5:-energy-and-transformations
PHYS-NSII-U22-L1,PHYS-NSII,22,Chapter 5: Energy and Transformations,1,Travay Fòs – Definisyon ak Egzanp (Work Done by a Force: Definition and Examples),Define travay (work) in the physics sense: work is done when a force causes displacement in the direction of the force.,English,18,https://www.youtube.com/embed/placeholder,,physics;chapter-5:-energy-and-transformations
PHYS-NSIII-U1-L1,PHYS-NSIII,1,Chapit 1: Fundamental Interactions,1,Aksyon ak Reyaksyon – Prensip Newton 3 (Action–Réaction),State Newton’s third law in everyday language and recognize action–reaction force pairs in various situations.,English,15,https://www.youtube.com/embed/placeholder,,physics;chapit-1:-fundamental-interactions
PHYS-NSIII-U2-L1,PHYS-NSIII,2,Chapit 1: Fundamental Interactions,1,Entwodiksyon ak Entèraksyon Fondamantal (Interactions Fondamentales),"Identify different types of fundamental interactions (gravitational, electromagnetic, etc.",English,15,https://www.youtube.com/embed/placeholder,,physics;chapit-1:-fundamental-interactions
PHYS-NSIII-U3-L1,PHYS-NSIII,3,Chapit 1: Fundamental Interactions,1,Entèraksyon Nwayo – Fòs Fò ak Fòs Fèb (Interactions Nucléaires Fortes et Faibles),Introduce the idea of nuclear forces (strong and weak) that act inside atoms.,English,18,https://www.youtube.com/embed/placeholder,,physics;chapit-1:-fundamental-interactions
PHYS-NSIII-U4-L1,PHYS-NSIII,4,Chapit 1: Fundamental Interactions,1,Fòs Elektrostatik ak Elektromayetik (Forces Électrostatiques et Magnétiques),Explore electric and magnetic interactions.,English,15,https://www.youtube.com/embed/placeholder,,physics;chapit-1:-fundamental-interactions
PHYS-NSIII-U5-L1,PHYS-NSIII,5,Chapit 1: Fundamental Interactions,1,Gravite Inivèsèl ak Òbital (Gravité Universelle et Orbites),Understand the law of universal gravitation (lwa gravitasyon inivèsèl) and how it explains orbital motion.,English,15,https://www.youtube.com/embed/placeholder,,physics;chapit-1:-fundamental-interactions
PHYS-NSIII-U6-L1,PHYS-NSIII,6,Chapit 2: Forces and Motion,1,Dezyèm Lwa Newton – Fòs ak Akselerasyon (Loi Fondamentale de la Dynamique),"Learn Newton’s Second Law: the relationship between force, mass, and acceleration (F = m·a).",English,18,https://www.youtube.com/embed/placeholder,,physics;chapit-2:-forces-and-motion
PHYS-NSIII-U7-L1,PHYS-NSIII,7,Chapit 2: Forces and Motion,1,Mouvman Sikilè ak Santripèt (Mouvement Circulaire & Force Centripète),Recognize circular motion and understand that a centripetal force is required to sustain it.,English,18,https://www.youtube.com/embed/placeholder,,physics;chapit-2:-forces-and-motion
PHYS-NSIII-U8-L1,PHYS-NSIII,8,Chapit 2: Forces and Motion,1,Sant Inèrti ak Prensip Inerzi (Centre de Masse & Principe d’Inertie),Understand the concept of center of mass and why we can treat it as the “average” position of mass for motion analysis.,English,18,https://www.youtube.com/embed/placeholder,,physics;chapit-2:-forces-and-motion
PHYS-NSIII-U9-L1,PHYS-NSIII,9,Chapit 2: Forces and Motion,1,Translasyon kont Wotasyon (Mouvement de Translation vs Rotation),Distinguish between translational motion (moving without rotating) and rotational motion.,English,15,https://www.youtube.com/embed/placeholder,,physics;chapit-2:-forces-and-motion
PHYS-NSIII-U10-L1,PHYS-NSIII,10,Chapit 3: Work and Energy,1,Degradasyon Enèji ak Chalè (Dégradation de l’Énergie & Chaleur),Introduce the concept of energy “loss” through conversion to heat (internal energy).,English,18,https://www.youtube.com/embed/placeholder,,physics;chapit-3:-work-and-energy
PHYS-NSIII-U11-L1,PHYS-NSIII,11,Chapit 3: Work and Energy,1,Enèji Potansyèl ak Konsèvasyon Enèji (Énergie Potentielle & Conservation),Understand gravitational potential energy (enèji potansyèl gravitasyonèl) and other forms of stored energy.,English,18,https://www.youtube.com/embed/placeholder,,physics;chapit-3:-work-and-energy
PHYS-NSIII-U12-L1,PHYS-NSIII,12,Chapit 3: Work and Energy,1,Pouvwa ak Randman (Puissance & Rendement),Define power (puissance) as the rate of energy transfer or work done per second.,English,18,https://www.youtube.com/embed/placeholder,,physics;chapit-3:-work-and-energy
PHYS-NSIII-U13-L1,PHYS-NSIII,13,Chapit 3: Work and Energy,1,Travay Fòs ak Enèji Sinetik (Travail d’une Force & Énergie Cinétique),Define the work done by a force (travay yon fòs) and relate it to the kinetic energy gained or lost by an object.,English,15,https://www.youtube.com/embed/placeholder,,physics;chapit-3:-work-and-energy
PHYS-NSIII-U14-L1,PHYS-NSIII,14,Chapit 4: Thermodynamics,1,Chalè ak Tanperati (Chaleur et Température),Distinguish clearly between heat (chalè) and temperature (tanperati).,English,18,https://www.youtube.com/embed/placeholder,,physics;chapit-4:-thermodynamics
PHYS-NSIII-U15-L1,PHYS-NSIII,15,Chapit 4: Thermodynamics,1,Dilatasyon Tèmik (Dilatation Thermique),Understand that most materials expand (dilate) when heated and contract when cooled.,English,18,https://www.youtube.com/embed/placeholder,,physics;chapit-4:-thermodynamics
PHYS-NSIII-U16-L1,PHYS-NSIII,16,Chapit 4: Thermodynamics,1,Konpwesibilite ak Presyon Gaz (Gaz Compressibles & Pression),Discover how gases differ from solids and liquids in compressibility and response to temperature changes.,English,18,https://www.youtube.com/embed/placeholder,,physics;chapit-4:-thermodynamics
PHYS-NSIII-U17-L1,PHYS-NSIII,17,Chapit 4: Thermodynamics,1,"Transfè Chalè – Konduksyon, Konveksyon, Radyasyon (Transfert de Chaleur)","Describe the three modes of heat transfer: conduction (konduksyon), convection (konveksyon), and radiation (radyasyon).",English,18,https://www.youtube.com/embed/placeholder,,physics;chapit-4:-thermodynamics
PHYS-NSIII-U18-L1,PHYS-NSIII,18,Chapit 5: Oscillations,1,Damping ak Rezònans (Amortissement & Résonance),Introduce the ideas of damping (amortissement) – how oscillations gradually die out due to friction/resistance – and resonance (résonance) – how an oscillator can be driven to large amplitude if perio,English,18,https://www.youtube.com/embed/placeholder,,physics;chapit-5:-oscillations
PHYS-NSIII-U19-L1,PHYS-NSIII,19,Chapit 5: Oscillations,1,Mouvman Pendil – Entwodiksyon a Oscilasyon (Pendule & Oscillations),Introduce oscillatory motion using a simple pendulum (pandil) as an example.,English,18,https://www.youtube.com/embed/placeholder,,physics;chapit-5:-oscillations
PHYS-NSIII-U20-L1,PHYS-NSIII,20,Chapit 5: Oscillations,1,Prentan ak Mass – Vibrasyon Sous (Ressort & Masse),Examine another oscillator: a mass on a spring.,English,18,https://www.youtube.com/embed/placeholder,,physics;chapit-5:-oscillations
PHYS-NSIII-U21-L1,PHYS-NSIII,21,Chapit 6: Waves,1,Entèferans ak Refleksyon Ond (Interférences et Réflexion),"Explain what happens when two waves meet (interference), including the concepts of constructive and destructive interference in simple terms.",English,18,https://www.youtube.com/embed/placeholder,,physics;chapit-6:-waves
PHYS-NSIII-U22-L1,PHYS-NSIII,22,Chapit 6: Waves,1,Kisa Yon Ond Ye? (Qu’est-ce qu’une Onde?),Define a wave as a disturbance that propagates through a medium (or space) carrying energy without permanent transport of matter.,English,18,https://www.youtube.com/embed/placeholder,,physics;chapit-6:-waves
PHYS-NSIII-U23-L1,PHYS-NSIII,23,Chapit 6: Waves,1,"Pwopriyete Ond – Anplitid, Longèdonn, Frekans, Vitès (Propriétés des Ondes)","Identify and define key wave properties: amplitude (anplitid), wavelength (longèdonn), frequency (frekans), and wave speed (vitès onde).",English,18,https://www.youtube.com/embed/placeholder,,physics;chapit-6:-waves
PHYS-NSIII-U24-L1,PHYS-NSIII,24,Chapit 7: Sound,1,Anplasman ak Entansite – Frekans ak Anplitid Son (Hauteur et Intensité Sonore),Relate the frequency of a sound wave to its perceived pitch (anplasman son).,English,18,https://www.youtube.com/embed/placeholder,,physics;chapit-7:-sound
PHYS-NSIII-U25-L1,PHYS-NSIII,25,Chapit 7: Sound,1,Gaye Son – Vitès Son ak Eko (Propagation du Son & Écho),"Discuss the speed of sound in various media and factors affecting it (temperature, medium density/elasticity).",English,18,https://www.youtube.com/embed/placeholder,,physics;chapit-7:-sound
PHYS-NSIII-U26-L1,PHYS-NSIII,26,Chapit 7: Sound,1,Nati Son – Vag Longitudinal (Nature du Son & Ondes Longitudinales),Understand that sound is a vibration traveling through a medium as a longitudinal wave of compressions and rarefactions.,English,18,https://www.youtube.com/embed/placeholder,,physics;chapit-7:-sound
PHYS-NSIII-U27-L1,PHYS-NSIII,27,Chapit 7: Sound,1,"Son an Pratik – Enstriman, Orèy imen, & Sonò (Applications Sonores)","Explore practical aspects of sound: how musical instruments produce different sounds, how the human ear detects sound, and examples of technology using sound (like ultrasound imaging or sonar).",English,18,https://www.youtube.com/embed/placeholder,,physics;chapit-7:-sound
PHYS-NSIII-U28-L1,PHYS-NSIII,28,Chapit 8: Electric Circuits,1,"Baz Sikwi – Kouran, Tansyon, Rezistans (Courant, Tension, Résistance)","Introduce the basic quantities in electricity: electric current (kouran elektrik), voltage (tansyon elektrik), and resistance (rezistans).",English,18,https://www.youtube.com/embed/placeholder,,physics;chapit-8:-electric-circuits
PHYS-NSIII-U29-L1,PHYS-NSIII,29,Chapit 8: Electric Circuits,1,Mèsi Sèn – Mezi ak Sekirite (Mesures Électriques & Sécurité),"Teach how to measure current and voltage in a circuit with ammeters and voltmeters properly (ammeter in series, voltmeter in parallel).",English,18,https://www.youtube.com/embed/placeholder,,physics;chapit-8:-electric-circuits
PHYS-NSIII-U30-L1,PHYS-NSIII,30,Chapit 8: Electric Circuits,1,Seri kont Paralèl – Ki Jan Nou Konbine Konpozan (Série vs Parallèle),Compare series and parallel circuit configurations.,English,18,https://www.youtube.com/embed/placeholder,,physics;chapit-8:-electric-circuits
PHYS-NSIII-U31-L1,PHYS-NSIII,31,Chapit 9: Electromagnetism,1,Aplikasyon Elektwomayetis – Motè ak Transfòmateur (Applications: Moteurs & Transformateurs),"Summarize how electromagnetism is applied in everyday technology: electric motors (converting electricity to motion), loudspeakers, transformers for power distribution, and magnetic recording or magle",English,18,https://www.youtube.com/embed/placeholder,,physics;chapit-9:-electromagnetism
PHYS-NSIII-U32-L1,PHYS-NSIII,32,Chapit 9: Electromagnetism,1,Elektrisite ak Mayetis – Eksperyans Ørsted (Électricité & Magnétisme),Recount Ørsted’s famous experiment showing that an electric current generates a magnetic field (the birth of electromagnetism).,English,18,https://www.youtube.com/embed/placeholder,,physics;chapit-9:-electromagnetism
PHYS-NSIII-U33-L1,PHYS-NSIII,33,Chapit 9: Electromagnetism,1,Endiksyon Elektwomayetik – Lwa Faraday (Induction & Loi de Faraday),Demonstrate electromagnetic induction: a changing magnetic field can induce an electric current in a conductor.,English,18,https://www.youtube.com/embed/placeholder,,physics;chapit-9:-electromagnetism
PHYS-NSIII-U34-L1,PHYS-NSIII,34,Chapit 9: Electromagnetism,1,Mayet ak Chan Mayetik (Aimants et Champ Magnétique Terrestre),Introduce magnets (mayet) and magnetic fields (chan mayetik).,English,18,https://www.youtube.com/embed/placeholder,,physics;chapit-9:-electromagnetism
PHYS-NSIV-U1-L1,PHYS-NSIV,1,Unit Overview: This capstone unit introduces 20th-century physics breakthroughs:,1,Enèji Nikleyè ak Sekirite (Nuclear Energy and Safety),"Explain the principle of nuclear energy release: fission (splitting heavy nuclei) and fusion (combining light nuclei), and the famous mass-energy equivalence $E=mc^2$ .",English,18,https://www.youtube.com/embed/placeholder,,physics;unit-overview:-this-capstone-unit-introduces-20th-century-physics-breakthroughs:-special-rel
PHYS-NSIV-U2-L1,PHYS-NSIV,2,Unit Overview: This capstone unit introduces 20th-century physics breakthroughs:,1,Limite mekanik Newton – Entwodiksyon Relativite,Explain why Newtonian mechanics breaks down at very high speeds or strong gravity.,English,15,https://www.youtube.com/embed/placeholder,,physics;unit-overview:-this-capstone-unit-introduces-20th-century-physics-breakthroughs:-special-rel
PHYS-NSIV-U3-L1,PHYS-NSIV,3,Unit Overview: This capstone unit introduces 20th-century physics breakthroughs:,1,Modèl Atomik Kanta (Quantum Atomic Model),Recap the evolution of atomic models leading to the quantum model.,English,15,https://www.youtube.com/embed/placeholder,,physics;unit-overview:-this-capstone-unit-introduces-20th-century-physics-breakthroughs:-special-rel
PHYS-NSIV-U4-L1,PHYS-NSIV,4,Unit Overview: This capstone unit introduces 20th-century physics breakthroughs:,1,Nwayo atomik ak Radyoaktivite (Atomic Nucleus & Radioactivity),Describe the composition of the atomic nucleus (protons and neutrons) and what isotopes are.,English,15,https://www.youtube.com/embed/placeholder,,physics;unit-overview:-this-capstone-unit-introduces-20th-century-physics-breakthroughs:-special-rel
PHYS-NSIV-U5-L1,PHYS-NSIV,5,"Unit Overview: This unit covers periodic motion and wave phenomena, linking the ",1,Ond mekanik (Mechanical Waves) ak Pwopriyete Ond,Illustrate how mechanical waves propagate through a medium as oscillations transfer energy.,English,15,https://www.youtube.com/embed/placeholder,,"physics;unit-overview:-this-unit-covers-periodic-motion-and-wave-phenomena,-linking-the-concept-of-o"
PHYS-NSIV-U6-L1,PHYS-NSIV,6,"Unit Overview: This unit covers periodic motion and wave phenomena, linking the ",1,Pendil senp ak Osilasyon (Simple Pendulum Oscillation),"Explain how a simple pendulum oscillates and what factors affect its period (length, gravity, but not amplitude for small swings).",English,15,https://www.youtube.com/embed/placeholder,,"physics;unit-overview:-this-unit-covers-periodic-motion-and-wave-phenomena,-linking-the-concept-of-o"
PHYS-NSIV-U7-L1,PHYS-NSIV,7,"Unit Overview: This unit covers periodic motion and wave phenomena, linking the ",1,Rezonans ak Sousò (Resonance & Springs),Describe how resonance occurs in oscillatory systems and why it can lead to large amplitudes.,English,15,https://www.youtube.com/embed/placeholder,,"physics;unit-overview:-this-unit-covers-periodic-motion-and-wave-phenomena,-linking-the-concept-of-o"
PHYS-NSIV-U8-L1,PHYS-NSIV,8,"Unit Overview: This unit covers the behavior of light, including reflection, ref",1,Enstriman Optik ak Vizyon (Optical Instruments & Vision),"Describe how common optical instruments work: the human eye (as a lens system), a magnifying glass (simple magnifier), a microscope and telescope (basic principle of two lenses).",English,15,https://www.youtube.com/embed/placeholder,,"physics;unit-overview:-this-unit-covers-the-behavior-of-light,-including-reflection,-refraction,-len"
PHYS-NSIV-U9-L1,PHYS-NSIV,9,"Unit Overview: This unit covers the behavior of light, including reflection, ref",1,Refleksyon ak Miwa (Reflection & Mirrors),State the law of reflection (angle of incidence equals angle of reflection).,English,15,https://www.youtube.com/embed/placeholder,,"physics;unit-overview:-this-unit-covers-the-behavior-of-light,-including-reflection,-refraction,-len"
PHYS-NSIV-U10-L1,PHYS-NSIV,10,"Unit Overview: This unit covers the behavior of light, including reflection, ref",1,Refraksyon ak Lantiy (Refraction & Lenses),"Explain refraction: when light passes from one medium to another (air to glass, etc.",English,15,https://www.youtube.com/embed/placeholder,,"physics;unit-overview:-this-unit-covers-the-behavior-of-light,-including-reflection,-refraction,-len"
PHYS-NSIV-U11-L1,PHYS-NSIV,11,"Unit Overview: This unit delves into electromagnetism, focusing on advanced topi",1,Endiksyon elektwomayetik (Electromagnetic Induction),Explain Faraday’s law: a changing magnetic flux through a circuit induces an electromotive force (EMF).,English,15,https://www.youtube.com/embed/placeholder,,"physics;unit-overview:-this-unit-delves-into-electromagnetism,-focusing-on-advanced-topics-introduce"
PHYS-NSIV-U12-L1,PHYS-NSIV,12,"Unit Overview: This unit delves into electromagnetism, focusing on advanced topi",1,Fòs mayetik sou yon kouran (Laplace’s Law & Magnetic Force),State and apply the Laplace’s law: a current-carrying conductor in a magnetic field experiences a force (direction given by right-hand rule).,English,15,https://www.youtube.com/embed/placeholder,,"physics;unit-overview:-this-unit-delves-into-electromagnetism,-focusing-on-advanced-topics-introduce"
PHYS-NSIV-U13-L1,PHYS-NSIV,13,"Unit Overview: This unit delves into electromagnetism, focusing on advanced topi",1,Kondansatè ak Endiktè nan Sikwi (Capacitors & Inductors in Circuits),"Explain how a capacitor (kondansatè) stores electric charge and energy, and how an inductor (endiktè, a coil) stores energy in a magnetic field.",English,15,https://www.youtube.com/embed/placeholder,,"physics;unit-overview:-this-unit-delves-into-electromagnetism,-focusing-on-advanced-topics-introduce"
PHYS-NSIV-U14-L1,PHYS-NSIV,14,"Unit Overview: This unit delves into electromagnetism, focusing on advanced topi",1,Kouran Altènatif ak Sikwi RLC (AC Circuits & Resonance),"Introduce alternating current (AC) characteristics: sinusoidal voltage, frequency (e.",English,15,https://www.youtube.com/embed/placeholder,,"physics;unit-overview:-this-unit-delves-into-electromagnetism,-focusing-on-advanced-topics-introduce"
PHYS-NSIV-U15-L1,PHYS-NSIV,15,"Unit Overview: This unit delves into electromagnetism, focusing on advanced topi",1,Transfòmatè ak Bobin Woumòkòf (Transformer & Ruhmkorff Coil),Describe the purpose and basic operation of a transformer (step-up and step-down of AC voltages via induction).,English,15,https://www.youtube.com/embed/placeholder,,"physics;unit-overview:-this-unit-delves-into-electromagnetism,-focusing-on-advanced-topics-introduce"
PHYS-NSIV-U2-L2,PHYS-NSIV,2,Unit Overview: This unit explores two-dimensional motion and gravitational orbit,2,Mouvman balistik (Projectile Motion),Describe projectile motion in two dimensions and explain why the trajectory is parabolic .,English,15,https://www.youtube.com/embed/placeholder,,"physics;unit-overview:-this-unit-explores-two-dimensional-motion-and-gravitational-orbits,-building-"
PHYS-NSIV-U2-L3,PHYS-NSIV,2,Unit Overview: This unit explores two-dimensional motion and gravitational orbit,3,Mouvman òbital ak sikilè (Orbital & Circular Motion),Explain uniform circular motion and apply Newton’s gravitational law to satellites orbiting Earth.,English,15,https://www.youtube.com/embed/placeholder,,"physics;unit-overview:-this-unit-explores-two-dimensional-motion-and-gravitational-orbits,-building-"
PHYS-NSIV-U2-L4,PHYS-NSIV,2,Unit Overview: This unit explores two-dimensional motion and gravitational orbit,4,"Travay, Enèji, ak Pwisans (Work, Energy & Power)","Review and deepen understanding of work, energy, and power in mechanical processes.",English,15,https://www.youtube.com/embed/placeholder,,"physics;unit-overview:-this-unit-explores-two-dimensional-motion-and-gravitational-orbits,-building-"
PHYS-NSIV-U16-L1,PHYS-NSIV,16,"Unit Overview: This unit revisits and deepens understanding of heat, temperature",1,Chalè ak Tanperati (Heat vs Temperature),"Differentiate clearly between heat (chalè, the transfer of thermal energy) and temperature (tanperati, a measure of average kinetic energy of particles).",English,15,https://www.youtube.com/embed/placeholder,,"physics;unit-overview:-this-unit-revisits-and-deepens-understanding-of-heat,-temperature,-and-gas-be"
PHYS-NSIV-U17-L1,PHYS-NSIV,17,"Unit Overview: This unit revisits and deepens understanding of heat, temperature",1,Dilatasyon tèmik (Thermal Expansion) ak Chanjman Eta,"Explain how substances expand when heated and contract when cooled, and why this happens at the particle level.",English,15,https://www.youtube.com/embed/placeholder,,"physics;unit-overview:-this-unit-revisits-and-deepens-understanding-of-heat,-temperature,-and-gas-be"
PHYS-NSIV-U18-L1,PHYS-NSIV,18,"Unit Overview: This unit revisits and deepens understanding of heat, temperature",1,Tèmik Dinamik – Premye Lwa (First Law of Thermodynamics),Introduce the First Law of Thermodynamics: energy conservation in thermal processes (the change in internal energy equals heat added minus work done by the system).,English,15,https://www.youtube.com/embed/placeholder,,"physics;unit-overview:-this-unit-revisits-and-deepens-understanding-of-heat,-temperature,-and-gas-be"
